transaction_id,symbol,date_purchased,purchased_pps,qty,total_buy_price,purchase_string,date_sold,sold_pps,total_sell_price,sell_string,expected_return,percentage_roi,actual_return,stop_loss_price,tp1,tp2,sop
1,CRM,2023-11-20,223.2,12,2678.39,"2023/11/20 09:50-12-223.21-buy-CRM",2023-11-30,249.48,2993.76,"2023/11/20 09:50-12-223.21-buy-CRM~(sell 1)",100.48,11.7700,315.37,0.0,231.57300000000004,235.42450000000005,220.0185
2,NET,2023-11-20,73.37,34,2494.58,"2023/11/20 09:50-34-73.37-buy-NET",2023-12-14,83.38,2834.92,"2023/11/20 09:50-34-73.37-buy-NET~sell(2)",305.21,13.6400,340.34,0.0,81.61900000000001,85.71850000000002,69.3205
3,RCL,2023-11-20,105.26,25,2631.5,"2023/11/20 09:50-25-105.31-buy-RCL",2023-11-21,102.96,2574.0,"2023/11/20 09:50-25-105.31-buy-RCL~(sell 7)",61.87,-2.1900,-57.5,0.0,107.73499999999999,109.17749999999998,103.4075
4,SPOT,2023-11-20,178.86,15,2682.9,"2023/11/20 09:50-15-178.87-buy-SPOT",2023-12-04,193.85,2907.75,"2023/11/20 09:50-15-178.87-buy-SPOT~(sell 1)",123.22,8.3800,224.84,0.0,187.075,191.3275,174.3175
5,FERG,2023-11-20,164.78,16,2636.48,"2023/11/20 09:50-16-164.92-buy-FERG",2023-11-20,164.63,2634.08,"2023/11/20 09:50-16-164.92-buy-FERG~(sell 14)",4.44,-0.1000,-2.41,0.0,165.058,165.21699999999998,164.58100000000002
6,IOT,2023-11-20,27.01,100,2701.0,"2023/11/20 09:50-100-27.05-buy-IOT",2023-11-21,26.03,2603.0,"2023/11/20 09:50-100-27.05-buy-IOT~(sell 10)",208.4,-3.6300,-98.0,0.0,29.093999999999998,30.110999999999997,26.043
7,SHOP,2023-11-20,69.33,39,2703.87,"2023/11/20 09:50-39-69.34-buy-SHOP",2023-12-05,75.43,2941.77,"2023/11/20 09:50-39-69.34-buy-SHOP~(sell 1)",237.0,8.7900,237.9,0.0,75.407,78.3805,66.48649999999999
8,UBER,2023-11-20,54.72,49,2681.28,"2023/11/20 09:50-49-54.74-buy-UBER",2023-11-29,56.96,2791.04,"2023/11/20 09:50-49-54.74-buy-UBER~(sell 10)",107.8,4.0900,109.75,0.0,56.92000000000001,57.91500000000001,53.934999999999995
9,ELF,2023-11-20,111.38,24,2673.12,"2023/11/20 09:50-24-111.47-buy-ELF",2023-11-20,109.61,2630.64,"2023/11/20 09:50-24-111.47-buy-ELF ~sell 7",58.69,-1.5900,-42.49,0.0,113.82576999999999,115.07410499999999,110.080765
10,DKNG,2023-11-20,38.45,70,2691.5,"2023/11/20 09:50-70-38.45-buy-DKNG",2023-12-04,37.15,2600.5,"2023/11/20 09:50-70-38.45-buy-DKNG~sell(2)",173.0,-3.3900,-91.0,0.0,40.921560000000014,42.15734000000002,37.21422
11,EXPE,2023-11-20,135.88,20,2717.6,"2023/11/20 09:50-20-136.02-buy-EXPE",2023-12-07,142.26,2845.2,"2023/11/20 09:50-20-136.02-buy-EXPE~sell(3)",126.41,4.6900,127.59,0.0,142.20096999999998,145.84945499999998,131.255515
12,CNM,2023-11-21,33.84,15,507.6,"2023/11/21 11:08-15-33.84-buy-CNM",2023-11-24,34.72,520.79,"2023/11/21 11:08-15-33.84-buy-CNM~(sell 15)",13.27,2.5900,13.18,0.0,34.724999999999994,35.17999999999999,33.36
13,XPO,2023-11-21,88.95,5,444.75,"2023/11/21 11:08-5-88.95-buy-XPO",2023-11-28,87.13,435.65,"2023/11/21 11:08-5-88.95-buy-XPO~(sell 2)",17.05,-2.0500,-9.11,0.0,92.36,94.08,87.2
14,AZEK,2023-11-21,31.24,16,499.84,"2023/11/21 11:08-16-31.26-buy-AZEK",2023-11-29,33.17,530.72,"2023/11/21 11:08-16-31.26-buy-AZEK~(sell 4)",14.72,6.1700,30.88,0.0,32.16,32.629999999999995,30.75
15,UNP,2023-11-21,221.44,2,442.88,"2023/11/21 11:08-2-221.46-buy-UNP",2023-12-01,231.97,463.94,"2023/11/21 11:08-2-221.46-buy-UNP~sell(2)",20.83,4.7500,21.06,0.0,231.85500000000008,237.0700000000001,216.20999999999998
16,GDDY,2023-11-21,92.55,5,462.75,"2023/11/21 11:08-5-92.61-buy-GDDY",2023-11-22,94.99,474.95,"2023/11/21 11:08-5-92.61-buy-GDDY~(sell 15)",8.3,2.6300,12.19,0.0,94.21000000000001,95.05000000000001,91.69
17,CAH,2023-11-21,105.03,5,525.15,"2023/11/21 11:08-5-105.03-buy-CAH",2023-12-14,101.92,509.6,"2023/11/21 11:08-5-105.03-buy-CAH~market~(Market sell)",25.05,-2.9700,-15.55,0.0,110.04000000000002,112.56000000000003,102.47999999999999
18,BLDR,2023-11-21,133.9,3,401.7,"2023/11/21 11:08-3-133.9-buy-BLDR",2023-12-01,139.27,417.81,"2023/11/21 11:08-3-133.9-buy-BLDR~(sell 1)",15.85,4.0100,16.11,0.0,139.18500000000003,141.86000000000004,131.16
19,PHM,2023-11-21,88.08,5,440.4,"2023/11/21 11:08-5-88.09-buy-PHM",2023-11-30,87.03,435.15,"2023/11/21 11:08-5-88.09-buy-PHM~sell(2)",9.97,-1.2000,-5.25,0.0,90.075,91.07000000000001,87.08999999999999
20,TOL,2023-11-21,85.91,6,515.46,"2023/11/21 11:08-6-85.91-buy-TOL",2023-11-28,84.62,507.72,"2023/11/21 11:08-6-85.91-buy-TOL~(sell 4)",13.53,-1.5100,-7.75,0.0,88.165,89.32000000000001,84.7
21,JPM,2023-11-21,153.53,3,460.59,"2023/11/21 11:08-3-153.53-buy-JPM",2023-12-01,157.27,471.81,"2023/11/21 11:08-3-153.53-buy-JPM~(sell 1)",11.13,2.4300,11.22,0.0,157.24070000000003,159.10760000000005,151.64
22,BX,2023-11-21,105.8,4,423.2,"2023/11/21 11:08-4-105.8-buy-BX",2023-11-29,109.5,438.0,"2023/11/21 11:08-4-105.8-buy-BX~(sell 15)",14.16,3.4900,14.8,0.0,109.33999999999999,111.10999999999999,104.03
23,CBAY,2023-11-21,18.87,27,509.49,"2023/11/21 11:08-27-18.87-buy-CBAY",2023-11-28,17.48,471.96,"2023/11/21 11:08-27-18.87-buy-CBAY~(sell 6)",68.31,-7.3700,-37.54,0.0,21.399999999999995,22.659999999999993,17.62
24,ACN,2023-11-21,329.48,1,329.48,"2023/11/21 11:08-1-329.58-buy-ACN",2023-12-01,337.47,337.47,"2023/11/21 11:08-1-329.58-buy-ACN~(sell 1)",7.9,2.4200,7.99,0.0,337.38,341.39,325.35
25,SPGI,2023-11-21,411.9,1,411.9,"2023/11/21 11:08-1-411.9-buy-SPGI",2023-12-01,422.33,422.33,"2023/11/21 11:08-1-411.9-buy-SPGI~(sell 1)",10.11,2.5300,10.43,0.0,422.01000000000016,427.12000000000023,406.67999999999995
26,CAH,2023-11-22,105.88,2,211.76,"2023/11/22 09:37-2-105.9-buy-CAH",2023-12-14,101.77,203.54,"2023/11/22 09:37-2-105.9-buy-CAH~market~(Market sell)",13.24,-3.8900,-8.22,0.0,112.5,115.84,102.47999999999999
27,DDOG,2023-11-22,112.65,2,225.3,"2023/11/22 09:37-2-112.75-buy-DDOG",2023-12-15,121.72,243.44,"2023/11/22 09:37-2-112.75-buy-DDOG~(sell 1)",17.77,8.0400,18.13,0.0,121.53500000000003,125.82000000000004,108.67999999999999
28,URBN,2023-11-22,33.01,6,198.06,"2023/11/22 09:37-6-33.07-buy-URBN",2023-11-22,32.43,194.58,"2023/11/22 09:37-6-33.07-buy-URBN ~sell 6",-37.44,-1.7600,-3.48,0.0,26.769999999999996,23.569999999999993,36.370000000000005
29,KKR,2023-11-22,68.64,3,205.92,"2023/11/22 09:37-3-68.64-buy-KKR",2023-11-29,72.79,218.37,"2023/11/22 09:37-3-68.64-buy-KKR~(sell 16)",12.39,6.0400,12.45,0.0,72.77,74.85,66.53
30,SHOP,2023-11-22,71.26,3,213.78,"2023/11/22 09:37-3-71.29-buy-SHOP",2023-12-19,79.23,237.69,"2023/11/22 09:37-3-71.29-buy-SHOP~(sell 1)",23.83,11.1700,23.9,0.0,79.20499999999998,83.14999999999998,67.37
31,ROST,2023-11-22,130.83,1,130.83,"2023/11/22 09:37-1-130.84-buy-ROST",2023-12-13,136.41,136.41,"2023/11/22 09:37-1-130.84-buy-ROST~sell(2)",5.5,4.2500,5.57,0.0,136.33250000000004,139.13000000000005,127.94
32,RCL,2023-11-22,107.41,2,214.82,"2023/11/22 09:37-2-107.43-buy-RCL",2023-11-24,104.25,208.5,"2023/11/22 09:37-2-107.43-buy-RCL~(sell 17)",9.56,-2.9500,-6.32,0.0,112.19,114.77,104.45
33,IRM,2023-11-22,63.59,3,190.77,"2023/11/22 09:41-3-63.59-buy-IRM",2023-12-13,67.34,202.02,"2023/11/22 09:41-3-63.59-buy-IRM~(sell 1)",11.14,5.8900,11.25,0.0,67.3048,69.2164,61.57
34,APO,2023-11-22,88.98,2,177.96,"2023/11/22 09:37-2-88.99-buy-APO",2023-12-19,95.41,190.82,"2023/11/22 09:37-2-88.99-buy-APO~(sell 1)",12.84,7.2200,12.85,0.0,95.39999999999999,98.58999999999999,85.83
35,DASH,2023-11-22,94.58,2,189.16,"2023/11/22 09:37-2-94.68-buy-DASH",2023-11-24,93.39,186.78,"2023/11/22 09:37-2-94.68-buy-DASH~(sell 15)",6.92,-1.2600,-2.38,0.0,98.03999999999996,99.61999999999995,93.30000000000001
36,NTES,2023-11-22,117.05,1,117.05,"2023/11/22 09:37-1-117.08-buy-NTES",2023-11-24,112.86,112.86,"2023/11/22 09:37-1-117.08-buy-NTES ~sell 5",4.05,-3.5800,-4.19,0.0,121.11000000000001,123.20000000000002,114.84
37,SHOP,2023-11-22,71.4,3,214.2,"2023/11/22 09:42-3-71.48-buy-SHOP",2023-12-19,79.52,238.56,"2023/11/22 09:42-3-71.48-buy-SHOP~(sell 1)",24.02,11.3700,24.36,0.0,79.4069,83.41919999999999,67.37
38,GDDY,2023-11-22,95.98,2,191.96,"2023/11/22 09:41-2-96.06-buy-GDDY",2023-12-06,104.53,209.06,"2023/11/22 09:41-2-96.06-buy-GDDY~sell(5)",16.14,8.9000,17.09,0.0,104.05000000000001,108.17000000000002,91.69
39,AZEK,2023-11-22,31.51,7,220.57,"2023/11/22 09:41-7-31.51-buy-AZEK",2023-11-29,33.0,231.0,"2023/11/22 09:41-7-31.51-buy-AZEK ~sell 5",10.22,4.7200,10.43,0.0,32.97,33.709999999999994,30.75
40,SKX,2023-11-22,55.18,4,220.72,"2023/11/22 09:41-4-55.19-buy-SKX",2023-12-13,61.25,245.0,"2023/11/22 09:41-4-55.19-buy-SKX~sell(2)",24.16,11.0000,24.28,0.0,61.220000000000006,64.24000000000001,52.16
41,NVT,2023-11-22,54.46,4,217.84,"2023/11/22 09:42-4-54.47-buy-NVT",2023-11-28,52.55,210.2,"2023/11/22 09:42-4-54.47-buy-NVT~(sell 7)",14.71,-3.5200,-7.65,0.0,58.13870000000001,60.00160000000001,52.55
42,KKR,2023-11-22,68.7,3,206.1,"2023/11/22 09:42-3-68.7-buy-KKR",2023-11-29,73.12,219.36,"2023/11/22 09:42-3-68.7-buy-KKR~(sell 15)",12.97,6.4300,13.26,0.0,73.02499999999998,75.18999999999997,66.53
43,UBER,2023-11-22,55.47,4,221.88,"2023/11/22 09:42-4-55.52-buy-UBER",2023-12-04,59.68,238.72,"2023/11/22 09:42-4-55.52-buy-UBER~sell(2)",14.32,7.5800,16.84,0.0,59.04999999999999,60.889999999999986,53.53
44,SKX,2023-11-22,55.21,4,220.84,"2023/11/22 09:42-4-55.24-buy-SKX",2023-12-11,60.94,243.76,"2023/11/22 09:42-4-55.24-buy-SKX~(sell 1)",22.9,10.3700,22.91,0.0,60.9359,63.8612,52.16
45,UBER,2023-11-22,55.42,4,221.68,"2023/11/22 09:41-4-55.45-buy-UBER",2023-12-04,59.65,238.6,"2023/11/22 09:41-4-55.45-buy-UBER~sell(2)",14.46,7.6200,16.91,0.0,59.035000000000004,60.870000000000005,53.53
46,NET,2023-11-22,74.37,3,223.11,"2023/11/22 09:42-3-74.4-buy-NET",2023-11-29,78.5,235.5,"2023/11/22 09:42-3-74.4-buy-NET~(sell 10)",12.12,5.5400,12.38,0.0,78.41,80.52,72.08
47,APO,2023-11-22,88.97,2,177.94,"2023/11/22 09:41-2-89.02-buy-APO",2023-12-19,95.03,190.06,"2023/11/22 09:41-2-89.02-buy-APO~(sell 1)",12.11,6.8100,12.12,0.0,95.02499999999999,98.08999999999999,85.83
48,UBER,2023-11-22,55.33,4,221.32,"2023/11/22 09:37-4-55.35-buy-UBER",2023-12-04,59.67,238.68,"2023/11/22 09:37-4-55.35-buy-UBER~sell(2)",14.87,7.8400,17.36,0.0,59.0497,60.8896,53.53
49,NET,2023-11-22,74.17,3,222.51,"2023/11/22 09:41-3-74.23-buy-NET",2023-11-29,78.4,235.2,"2023/11/22 09:41-3-74.23-buy-NET~(sell 18)",12.58,5.6900,12.68,0.0,78.365,80.46,72.08
50,KKR,2023-11-22,68.62,3,205.86,"2023/11/22 09:41-3-68.66-buy-KKR",2023-11-29,72.45,217.35,"2023/11/22 09:41-3-68.66-buy-KKR~(sell 4)",11.14,5.5700,11.48,0.0,72.33500000000001,74.27000000000001,66.53
51,DASH,2023-11-22,94.63,2,189.26,"2023/11/22 09:41-2-94.7-buy-DASH",2023-11-24,93.39,186.78,"2023/11/22 09:41-2-94.7-buy-DASH~(sell 15)",3.76,-1.3200,-2.48,0.0,96.50999999999999,97.57999999999998,93.30000000000001
52,NET,2023-11-22,74.11,3,222.33,"2023/11/22 09:37-3-74.12-buy-NET",2023-11-29,78.9,236.7,"2023/11/22 09:37-3-74.12-buy-NET~(sell 6)",14.25,6.4500,14.36,0.0,78.86000000000001,81.12000000000002,72.08
53,SHOP,2023-11-22,71.2,3,213.6,"2023/11/22 09:41-3-71.2-buy-SHOP",2023-12-19,78.73,236.19,"2023/11/22 09:41-3-71.2-buy-SHOP~(sell 1)",22.17,10.5700,22.59,0.0,78.58999999999999,82.32999999999998,67.37
54,XPO,2023-11-22,89.37,2,178.74,"2023/11/22 09:41-2-89.37-buy-XPO",2023-11-28,87.13,174.26,"2023/11/22 09:41-2-89.37-buy-XPO~(sell 2)",7.87,-2.5200,-4.49,0.0,93.30499999999999,95.33999999999999,87.2
55,AZEK,2023-11-22,31.51,17,535.66,"2023/11/22 09:43-17-31.52-buy-AZEK",2023-11-29,33.0,561.0,"2023/11/22 09:43-17-31.52-buy-AZEK ~sell 5",24.31,4.7300,25.34,0.0,32.94,33.67,30.75
56,SKX,2023-11-22,54.97,4,219.88,"2023/11/22 09:37-4-54.98-buy-SKX",2023-12-08,60.56,242.24,"2023/11/22 09:37-4-54.98-buy-SKX~(sell 1)",22.36,10.1600,22.36,0.0,60.56000000000001,63.360000000000014,52.16
57,GE,2023-11-22,119.86,1,119.86,"2023/11/22 09:37-1-119.88-buy-GE",2023-11-22,120.42,120.42,"2023/11/22 09:37-1-119.88-buy-GE~(sell 6)",0.55,0.4600,0.56,0.0,120.41000000000001,120.72000000000001,119.48
58,AKAM,2023-11-22,113.86,1,113.86,"2023/11/22 09:37-1-113.86-buy-AKAM",2023-12-14,118.03,118.03,"2023/11/22 09:37-1-113.86-buy-AKAM~(sell 1)",3.69,3.6600,4.17,0.0,117.55000000000001,119.45000000000002,111.85
59,AZEK,2023-11-22,31.44,8,251.52,"2023/11/22 09:42-8-31.46-buy-AZEK",2023-11-29,32.91,263.27,"2023/11/22 09:42-8-31.46-buy-AZEK ~sell 5",10.8,4.6600,11.74,0.0,32.79,33.47,30.75
60,CNM,2023-11-22,34.4,1,34.4,"2023/11/22 09:42-1-34.4-buy-CNM",2023-12-06,37.43,37.43,"2023/11/22 09:42-1-34.4-buy-CNM~sell(2)",2.04,8.8000,3.03,0.0,36.45,37.480000000000004,33.36
61,AZEK,2023-11-22,31.39,7,219.73,"2023/11/22 09:37-7-31.39-buy-AZEK",2023-11-29,32.9,230.3,"2023/11/22 09:37-7-31.39-buy-AZEK ~sell 5",6.86,4.8100,10.57,0.0,32.37,32.91,30.75
62,IRM,2023-11-22,63.47,4,253.88,"2023/11/22 09:42-4-63.48-buy-IRM",2023-12-13,67.05,268.2,"2023/11/22 09:42-4-63.48-buy-IRM~(sell 1)",14.12,5.6300,14.31,0.0,67.0,68.81,61.57
63,CNM,2023-11-22,34.39,6,206.34,"2023/11/22 09:41-6-34.4-buy-CNM",2023-12-06,37.47,224.82,"2023/11/22 09:41-6-34.4-buy-CNM~sell(2)",12.54,8.9500,18.47,0.0,36.48,37.519999999999996,33.36
64,IRM,2023-11-22,63.47,3,190.41,"2023/11/22 09:37-3-63.49-buy-IRM",2023-12-13,67.05,201.15,"2023/11/22 09:37-3-63.49-buy-IRM~(sell 1)",10.59,5.6400,10.74,0.0,67.0,68.81,61.57
65,NVT,2023-11-22,54.26,4,217.04,"2023/11/22 09:41-4-54.27-buy-NVT",2023-11-28,52.55,210.2,"2023/11/22 09:41-4-54.27-buy-NVT~(sell 7)",12.96,-3.1600,-6.85,0.0,57.500000000000014,59.15000000000002,52.55
66,GDDY,2023-11-22,95.14,2,190.28,"2023/11/22 09:37-2-95.16-buy-GDDY",2023-12-01,101.67,203.34,"2023/11/22 09:37-2-95.16-buy-GDDY~(sell 1)",13.05,6.8600,13.06,0.0,101.665,104.99000000000001,91.69
67,APG,2023-11-22,29.55,7,206.85,"2023/11/22 09:37-7-29.55-buy-APG",2023-11-27,30.11,210.77,"2023/11/22 09:37-7-29.55-buy-APG ~sell 3",3.78,1.8900,3.92,0.0,30.09,30.36,29.28
68,MPC,2023-11-29,150.69,1,150.69,"2023/11/29 09:30-1-150.69-buy-MPC",2023-11-29,148.02,148.02,"2023/11/29 09:30-1-150.69-buy-MPC~(sell 17)",4.88,-1.7800,-2.67,0.0,155.57999999999996,158.09999999999994,148.02
69,SNOW,2023-11-29,176.79,6,1060.74,"2023/11/29 12:30-6-176.84-buy-SNOW",2023-12-11,195.7,1174.2,"2023/11/29 12:30-6-176.84-buy-SNOW~(sell 1)",111.99,10.6900,113.46,0.0,195.45499999999996,204.84999999999994,167.27
70,ZS,2023-11-29,203.36,6,1220.16,"2023/11/29 12:30-6-203.4-buy-ZS",2024-01-02,212.52,1275.11,"2023/11/29 12:30-6-203.4-buy-ZS~market~(Market sell)",267.77,4.5000,54.94,0.0,247.99,270.36,180.88
71,TEAM,2023-11-29,198.46,6,1190.76,"2023/11/29 12:30-6-198.47-buy-TEAM",2023-12-27,243.77,1462.62,"2023/11/29 12:30-6-198.47-buy-TEAM~(sell 7)",244.77,22.8200,271.85,0.0,239.25500000000002,259.71000000000004,177.89
72,WDAY,2023-11-29,268.08,4,1072.32,"2023/11/29 12:30-4-268.08-buy-WDAY",2024-01-02,266.2,1064.8,"2023/11/29 12:30-4-268.08-buy-WDAY~market~(Market sell)",269.32,-0.7100,-7.52,0.0,335.4100000000001,369.22000000000014,233.98
73,INTU,2023-11-29,584.82,2,1169.64,"2023/11/29 12:30-2-584.84-buy-INTU",2024-01-02,602.18,1204.35,"2023/11/29 12:30-2-584.84-buy-INTU~market~(Market sell)",113.4,2.9600,34.7,0.0,641.5219999999999,669.8359999999999,556.58
74,NET,2023-11-20,73.37,3,220.11,"2023/11/20 09:50-3-73.37-buy-NET",2023-11-29,78.40,235.20,"2023/11/20 09:50-1-73.37-buy-NET~(sell 1)",15.00,6.8500,15.09,0.0000,81.61900000000001,85.71850000000002,69.3205
75,SNOW,2023-11-30,188.0,1,188.0,"2023/11/30 09:30-1-188.0-buy-SNOW",2024-01-02,189.15,189.15,"2023/11/30 09:30-1-188.0-buy-SNOW~market~(Market sell)",45.51,0.6100,1.15,0.0,233.50999999999996,255.58999999999995,167.27
76,TEAM,2023-11-30,196.84,1,196.84,"2023/11/30 09:30-1-197.0-buy-TEAM",2023-12-19,233.42,233.42,"2023/11/30 09:30-1-197.0-buy-TEAM~sell(4)",36.36,18.5700,36.57,0.0,233.21000000000006,251.6500000000001,177.89
77,ZS,2023-11-30,200.0,1,200.0,"2023/11/30 09:30-1-200.04-buy-ZS",2024-01-02,212.52,212.52,"2023/11/30 09:30-1-200.04-buy-ZS~market~(Market sell)",37.79,6.2600,12.52,0.0,237.79120000000003,256.76160000000004,180.88
78,IBM,2023-11-30,158.0,1,158.0,"2023/11/30 10:32-1-157.995-buy-IBM-asDay",2023-12-01,159.12,159.12,"2023/11/30 10:32-1-157.995-buy-IBM-asDay~sell(2)",1.1,0.7000,1.12,0.0,159.10000000000005,159.67000000000007,157.39
79,AZEK,2023-11-30,34.09,100,3409.0,"2023/11/30 12:30-100-34.09-buy-AZEK",2024-01-02,37.15,3715.0,"2023/11/30 12:30-100-34.09-buy-AZEK~market~(Market sell)",597.4,8.9700,306.0,0.0,40.064,43.052,31.1
80,AZEK,2023-12-01,35.13,29,1018.77,"2023/12/01 12:30-29-35.13-buy-AZEK",2024-01-02,37.15,1077.34,"2023/12/01 12:30-29-35.13-buy-AZEK~(sell 1)",232.0,5.7400,58.56,0.0,43.129999999999995,47.13999999999999,31.1
81,AZEK,2023-12-04,35.17,39,1371.63,"2023/12/04 09:30-39-35.33-buy-AZEK",2024-01-02,37.15,1448.85,"2023/12/04 09:30-39-35.33-buy-AZEK~(sell 1)",156.78,5.6200,77.21,0.0,39.18999999999999,41.27999999999999,32.92
82,CVNA,2023-12-04,41.6,80,3328.0,"2023/12/04 12:30-80-41.62-buy-CVNA",2024-01-02,49.64,3971.2,"2023/12/04 12:30-80-41.62-buy-CVNA~(sell 1)",2096.8,19.3200,643.19,0.0,67.81,80.77000000000001,28.93
83,METC,2023-12-06,17.91,163,2919.33,"2023/12/06 12:30-163-17.92-buy-METC",2023-12-11,16.07,2619.41,"2023/12/06 12:30-163-17.92-buy-METC~market~(Market sell)",402.61,-10.2800,-299.93,0.0,20.379999999999995,21.619999999999994,16.66
84,SIG,2023-12-06,95.31,30,2859.3,"2023/12/06 12:30-30-95.31-buy-SIG",2024-01-04,98.62,2958.6,"2023/12/06 12:30-30-95.31-buy-SIG~market~(Market sell)",885.0,3.4700,99.29,0.0,124.81009999999999,139.4868,80.78
85,SFM,2023-12-07,45.99,60,2759.4,"2023/12/07 12:30-60-45.99-buy-SFM",2024-01-02,48.88,2932.8,"2023/12/07 12:30-60-45.99-buy-SFM~market~(Market sell)",175.2,6.2800,173.4,0.0,48.910000000000004,50.370000000000005,44.53
86,DASH,2023-12-11,102.11,2,204.22,"2023/12/11 09:30-2-102.23-buy-DASH",2024-01-02,96.21,192.42,"2023/12/11 09:30-2-102.23-buy-DASH~market~(Market sell)",24.84,-5.7900,-11.81,0.0,114.53,120.89,95.45
87,SNAP,2023-12-13,15.96,140,2234.4,"2023/12/13 12:30-140-15.96-buy-SNAP",2023-12-14,17.19,2406.6,"2023/12/13 12:30-140-15.96-buy-SNAP~(sell 1)",170.8,7.7000,172.19,0.0,17.180000000000003,17.790000000000006,15.35
88,INSM,2023-12-13,27.84,80,2227.19,"2023/12/13 12:30-80-27.85-buy-INSM",2023-12-26,30.64,2451.19,"2023/12/13 12:30-80-27.85-buy-INSM~(sell 1)",199.21,10.0500,224.0,0.0,30.33,31.58,26.58
89,INSM,2023-12-14,28.91,13,375.83,"2023/12/14 09:30-13-28.96-buy-INSM",2024-01-04,28.67,372.71,"2023/12/14 09:30-13-28.96-buy-INSM~market~(Market sell)",61.75,-0.8400,-3.13,0.0,33.66000000000001,36.02000000000001,26.58
90,SNAP,2023-12-14,16.69,23,383.87,"2023/12/14 09:30-23-16.69-buy-SNAP",2024-01-02,16.13,370.99,"2023/12/14 09:30-23-16.69-buy-SNAP~(sell 1)",63.02,-3.3600,-12.88,0.0,19.430000000000003,20.790000000000006,15.35
91,PPG,2023-12-14,149.91,9,1349.19,"2023/12/14 12:30-9-149.91-buy-PPG",2024-01-03,145.91,1313.19,"2023/12/14 12:30-9-149.91-buy-PPG~market~(Market sell)",89.1,-2.6700,-36.0,0.0,159.80999999999997,164.78999999999996,144.87
92,W,2023-12-14,64.0,21,1344.0,"2023/12/14 12:30-21-64.0-buy-W",2024-01-02,60.36,1267.56,"2023/12/14 12:30-21-64.0-buy-W~(sell 1)",634.41,-5.6900,-76.45,0.0,94.21000000000001,109.27000000000001,49.03
93,TSLA,2023-12-14,252.26,5,1261.3,"2023/12/14 12:30-5-252.28-buy-TSLA",2024-01-02,248.96,1244.8,"2023/12/14 12:30-5-252.28-buy-TSLA~market~(Market sell)",258.51,-1.3100,-16.5,0.0,303.9637,329.8216,226.39
94,FDX,2023-12-14,281.27,4,1125.08,"2023/12/14 12:30-4-281.29-buy-FDX",2023-12-27,252.75,1011.0,"2023/12/14 12:30-4-281.29-buy-FDX~market-1~(Market sell)",106.2,-10.1400,-114.08,0.0,307.81999999999994,321.2199999999999,267.62
95,W,2023-12-15,65.02,2,130.04,"2023/12/15 09:30-2-65.15-buy-W",2024-01-02,60.36,120.72,"2023/12/15 09:30-2-65.15-buy-W~(sell 1)",57.99,-7.1700,-9.32,0.0,94.01499999999999,108.51999999999998,50.5
96,THC,2023-12-15,77.16,2,154.32,"2023/12/15 09:30-2-77.3-buy-THC",2024-01-02,75.18,150.36,"2023/12/15 09:30-2-77.3-buy-THC~market~(Market sell)",23.95,-2.5700,-3.96,0.0,89.13499999999999,95.27999999999999,70.7
97,WRK,2023-12-15,43.05,4,172.2,"2023/12/15 09:30-4-43.05-buy-WRK",2024-01-02,41.51,166.04,"2023/12/15 09:30-4-43.05-buy-WRK~(sell 1)",20.3,-3.5800,-6.16,0.0,48.125,50.67,40.489999999999995
98,TWLO,2023-12-19,77.51,4,310.04,"2023/12/19 12:30-4-77.53-buy-TWLO",2024-01-02,73.93,295.72,"2023/12/19 12:30-4-77.53-buy-TWLO~market~(Market sell)",23.22,-4.6200,-14.32,0.0,83.315,86.16,74.78
99,UPST,2023-12-19,46.86,7,328.02,"2023/12/19 12:30-7-46.87-buy-UPST",2023-12-29,40.14,280.98,"2023/12/19 12:30-7-46.87-buy-UPST~(sell 1)",62.93,-14.3500,-47.04,0.0,55.85000000000001,60.26000000000001,42.62
100,CARG,2023-12-19,24.24,15,363.6,"2023/12/19 12:30-15-24.24-buy-CARG",2024-01-02,23.59,353.85,"2023/12/19 12:30-15-24.24-buy-CARG~market~(Market sell)",31.35,-2.6900,-9.75,0.0,26.33,27.369999999999997,23.21
101,COIN,2023-12-19,157.26,2,314.52,"2023/12/19 12:30-2-157.3-buy-COIN",2024-01-03,151.99,303.98,"2023/12/19 12:30-2-157.3-buy-COIN~market~(Market sell)",59.94,-3.3600,-10.54,0.0,187.23030000000003,202.19040000000004,142.35
102,CCK,2023-12-28,93.59,18,1684.62,"2023/12/28 09:30-18-94.46-buy-CCK",2024-01-02,91.74,1651.32,"2023/12/28 09:30-18-94.46-buy-CCK~sell(3)",46.26,-1.9800,-33.3,0.0,96.15999999999998,97.72999999999998,91.45
103,SMAR,2023-12-28,48.35,36,1740.6,"2023/12/28 09:30-36-48.42-buy-SMAR",2024-01-02,46.8,1684.8,"2023/12/28 09:30-36-48.42-buy-SMAR~market~(Market sell)",78.84,-3.2100,-55.8,0.0,50.53999999999999,51.69999999999999,47.06
104,AIG,2024-01-03,68.98,290,20004.2,"2024/01/03 12:30-290-68.98-buy-AIG",2024-01-09,67.38,19540.2,"2024/01/03 12:30-290-68.98-buy-AIG~market~(Market sell)",1084.59,-2.3200,-464.0,0.0,72.72000000000001,74.59000000000002,67.11
105,CYTK,2024-01-05,87.99,85,7479.15,"2024/01/05 09:30-85-88.12-buy-CYTK",2024-01-08,103.83,8825.54,"2024/01/05 09:30-85-88.12-buy-CYTK~(sell 1)",1114.34,18.0000,1346.39,0.0,101.10000000000002,107.70000000000003,81.3
106,AMAM,2024-01-08,27.27,34,927.18,"2024/01/08 12:30-34-27.27-buy-AMAM",2024-01-19,27.56,937.04,"2024/01/08 12:30-34-27.27-buy-AMAM~market~(Market sell)",1002.15,1.0600,9.86,0.0,56.745,71.47999999999999,12.54
107,ADP,2024-01-08,235.89,4,943.56,"2024/01/08 12:30-4-235.89-buy-ADP",2024-01-12,237.13,948.52,"2024/01/08 12:30-4-235.89-buy-ADP~market~(Market sell)",30.38,0.5200,4.96,0.0,243.48500000000004,247.31000000000006,232.01
108,FI,2024-01-17,137.44,79,10857.76,"2024/01/17 11:14-79-137.49-buy-FI",2024-01-17,137.36,10851.44,"2024/01/17 11:14-79-137.49-buy-FI~market~(Market sell)",281.24,-0.0600,-6.32,0.0,141.00000000000003,142.74000000000004,135.78
109,FI,2024-01-17,137.5,49,6737.5,"2024/01/17 11:24-49-137.5-buy-FI-1",2024-01-17,137.36,6730.64,"2024/01/17 11:24-49-137.5-buy-FI-1~market~(Market sell)",168.56,-0.1100,-6.86,0.0,140.94,142.66,135.78
110,FI,2024-01-17,137.5,49,6737.5,"2024/01/17 11:24-49-137.5-buy-FI-0",2024-01-17,137.36,6730.64,"2024/01/17 11:24-49-137.5-buy-FI-0~market~(Market sell)",168.56,-0.1100,-6.86,0.0,140.94,142.66,135.78
111,FI,2024-01-17,136.57,79,10789.03,"2024/01/17 12:30-79-136.59-buy-FI",2024-01-17,136.58,10789.82,"2024/01/17 12:30-79-136.59-buy-FI~market~(Market sell)",128.37,0.0000,0.78,0.0,138.19500000000002,139.00000000000003,135.78
112,FI,2024-01-18,137.52,158,21728.16,"2024/01/18 09:30-158-137.55-buy-FI",2024-01-23,140.76,22240.08,"2024/01/18 09:30-158-137.55-buy-FI~(sell 1)",505.99,2.3500,511.92,0.0,140.72250000000003,142.37000000000003,135.78
113,CRM,2024-01-18,273.61,10,2736.1,"2024/01/18 12:30-10-273.64-buy-CRM",2024-02-09,294.89,2948.9,"2024/01/18 12:30-10-273.64-buy-CRM~sell(2)",212.8,7.7700,212.8,0.0,294.8900000000001,305.53000000000014,262.96999999999997
114,WM,2024-01-18,182.33,15,2734.95,"2024/01/18 12:30-15-182.34-buy-WM",2024-01-31,187.6,2814.0,"2024/01/18 12:30-15-182.34-buy-WM~(sell 1)",75.3,2.8900,79.05,0.0,187.35,189.91,179.67
115,CRM,2024-01-19,276.33,5,1381.69,"2024/01/19 09:30-5-277.66-buy-CRM",2024-02-14,288.04,1440.2,"2024/01/19 09:30-5-277.66-buy-CRM~(sell 1)",129.36,4.2300,58.5,0.0,302.2100000000001,315.29000000000013,262.96999999999997
116,BK,2024-01-22,55.11,19,1047.08,"2024/01/22 12:30-19-55.12-buy-BK",2024-02-05,55.23,1049.36,"2024/01/22 12:30-19-55.12-buy-BK~market~(Market sell)",35.35,0.2100,2.27,0.0,56.97000000000001,57.91000000000002,54.15
117,STNG,2024-01-24,69.79,79,5513.41,"2024/01/24 12:30-79-69.81-buy-STNG",2024-02-01,64.59,5102.6,"2024/01/24 12:30-79-69.81-buy-STNG~(sell 1)",805.8,-7.4600,-410.81,0.0,79.99,85.11999999999999,64.60000000000001
118,SPOT,2024-01-24,213.09,25,5327.25,"2024/01/24 12:30-25-213.1-buy-SPOT",2024-02-06,241.8,6045.0,"2024/01/24 12:30-25-213.1-buy-SPOT~(sell 1)",446.75,13.4700,717.75,0.0,230.96000000000006,239.9000000000001,204.14
119,SMCI,2024-01-24,486.19,11,5348.09,"2024/01/24 12:30-11-486.73-buy-SMCI",2024-02-02,579.15,6370.65,"2024/01/24 12:30-11-486.73-buy-SMCI~(sell 1)",1618.09,19.1100,1022.55,0.0,633.2893,707.6224,410.29
120,STNG,2024-01-25,69.88,63,4402.43,"2024/01/25 09:30-63-70.3-buy-STNG",2024-02-01,64.59,4069.17,"2024/01/25 09:30-63-70.3-buy-STNG~(sell 1)",645.44,-7.5800,-333.27,0.0,80.125,85.3,64.60000000000001
121,VERA,2024-02-01,38.74,82,3176.68,"2024/02/01 12:30-82-38.74-buy-VERA",2024-02-09,42.04,3447.28,"2024/02/01 12:30-82-38.74-buy-VERA~(sell 1)",850.78,8.5100,270.6,0.0,49.1154,54.3472,33.42
122,GGAL,2024-02-02,21.56,191,4117.96,"2024/02/02 09:31-191-21.56-buy-GGAL",2024-02-05,20.93,3997.63,"2024/02/02 09:31-191-21.56-buy-GGAL~market~(Market sell)",182.4,-2.9300,-120.33,0.0,22.515,23.01,21.029999999999998
123,VERA,2024-02-02,38.68,118,4564.24,"2024/02/02 12:30-118-38.68-buy-VERA",2024-02-09,42.04,4960.72,"2024/02/02 12:30-118-38.68-buy-VERA~(sell 1)",1232.51,8.6800,396.48,0.0,49.125,54.36,33.42
124,GGAL,2024-02-02,21.82,209,4560.38,"2024/02/02 12:30-209-21.84-buy-GGAL",2024-02-05,20.93,4374.37,"2024/02/02 12:30-209-21.84-buy-GGAL~market~(Market sell)",303.05,-4.0800,-186.02,0.0,23.27,24.02,21.02
125,AXP,2024-02-05,204.67,5,1023.34,"2024/02/05 09:31-5-204.67-buy-AXP",2024-02-14,209.68,1048.4,"2024/02/05 09:31-5-204.67-buy-AXP~(sell 1)",53.21,2.4400,25.06,0.0,215.30999999999997,220.62999999999997,199.35
126,ADP,2024-02-05,247.58,4,990.32,"2024/02/05 09:31-4-247.59-buy-ADP",2024-02-29,250.39,1001.56,"2024/02/05 09:31-4-247.59-buy-ADP~(sell 1)",53.24,1.1300,11.23,0.0,260.89,267.46,241.18
127,VLO,2024-02-06,139.82,21,2936.22,"2024/02/06 12:30-21-139.82-buy-VLO",2024-02-06,138.51,2908.71,"2024/02/06 12:30-21-139.82-buy-VLO~market~(Market sell)",190.47,-0.9400,-27.51,0.0,148.89,153.51999999999998,135.0
128,PSX,2024-02-06,147.77,20,2955.4,"2024/02/06 12:30-20-147.78-buy-PSX",2024-02-12,145.8,2916.0,"2024/02/06 12:30-20-147.78-buy-PSX~market~(Market sell)",170.6,-1.3400,-39.41,0.0,156.3,160.73000000000002,143.01
129,PBF,2024-02-06,51.49,58,2986.42,"2024/02/06 12:30-58-51.5-buy-PBF",2024-02-07,50.35,2920.3,"2024/02/06 12:30-58-51.5-buy-PBF~market~(Market sell)",401.36,-2.2200,-66.12,0.0,58.40999999999998,61.839999999999975,48.120000000000005
130,MPC,2024-02-06,169.83,17,2887.11,"2024/02/06 12:30-17-169.84-buy-MPC",2024-03-13,184.91,3143.47,"2024/02/06 12:30-17-169.84-buy-MPC~(sell 1)",246.92,8.8700,256.35,0.0,184.35489999999996,191.37319999999994,163.3
131,BRO,2024-02-07,78.98,32,2527.36,"2024/02/07 12:30-32-79.02-buy-BRO",2024-02-14,81.77,2616.64,"2024/02/07 12:30-32-79.02-buy-BRO~(sell 1)",109.44,3.5300,89.27,0.0,82.4,84.10000000000001,77.3
132,IR,2024-02-07,84.56,30,2536.8,"2024/02/07 12:30-30-84.56-buy-IR",2024-02-14,86.43,2592.9,"2024/02/07 12:30-30-84.56-buy-IR~(sell 1)",149.4,2.2100,56.09,0.0,89.54000000000003,92.04000000000005,82.03999999999999
133,MA,2024-02-07,461.21,5,2306.04,"2024/02/07 12:30-5-461.21-buy-MA",2024-02-13,456.01,2280.05,"2024/02/07 12:30-5-461.21-buy-MA~market~(Market sell)",65.16,-1.1300,-25.99,0.0,474.2399999999999,480.78999999999985,454.59000000000003
134,EYPT,2024-02-08,29.9,24,717.59,"2024/02/08 09:31-24-29.9-buy-EYPT",2024-02-13,27.19,652.55,"2024/02/08 09:31-24-29.9-buy-EYPT~market~(Market sell)",129.13,-9.0700,-65.05,0.0,35.279999999999994,37.96999999999999,27.21
135,IR,2024-02-08,84.71,8,677.68,"2024/02/08 09:31-8-84.72-buy-IR",2024-02-16,91.91,735.28,"2024/02/08 09:31-8-84.72-buy-IR~(sell 1)",43.44,8.4900,57.6,0.0,90.14,92.84,82.03999999999999
136,PWR,2024-02-08,208.88,3,626.64,"2024/02/08 09:31-3-208.9-buy-PWR",2024-02-22,227.84,683.52,"2024/02/08 09:31-3-208.9-buy-PWR~(sell 1)",56.35,9.0700,56.88,0.0,227.66500000000005,237.11000000000007,199.32999999999998
137,VRNS,2024-02-12,51.6,24,1238.4,"2024/02/12 09:31-24-51.64-buy-VRNS",2024-02-21,45.56,1093.44,"2024/02/12 09:31-24-51.64-buy-VRNS~market~(Market sell)",206.4,-11.7100,-144.97,0.0,60.199999999999996,64.57,47.09
138,RPD,2024-02-12,61.77,20,1235.4,"2024/02/12 09:31-20-61.79-buy-RPD",2024-03-13,52.68,1053.59,"2024/02/12 09:31-20-61.79-buy-RPD~(sell 1)",359.5,-14.7200,-181.82,0.0,79.745,88.77,52.67
139,HIG,2024-02-12,91.49,129,11802.21,"2024/02/12 12:30-129-91.5-buy-HIG",2024-03-06,96.73,12478.17,"2024/02/12 12:30-129-91.5-buy-HIG~(sell 1)",673.38,5.7200,675.96,0.0,96.71000000000001,99.30000000000001,88.94
140,APO,2024-02-14,112.25,4,449.0,"2024/02/14 13:50-4-112.25-buy-APO",2024-02-29,110.52,442.08,"2024/02/14 13:50-4-112.25-buy-APO~(sell 1)",47.72,-1.5500,-6.93,0.0,124.17999999999996,130.14999999999995,106.27000000000001
141,WCN,2024-02-15,164.12,6,984.72,"2024/02/15 09:31-6-164.18-buy-WCN",2024-03-18,172.24,1033.44,"2024/02/15 09:31-6-164.18-buy-WCN~(sell 1)",140.55,4.9400,48.72,0.0,187.54499999999996,199.27999999999994,152.34
142,LLY,2024-02-15,754.99,1,754.99,"2024/02/15 09:31-1-755.17-buy-LLY",2024-02-29,753.64,753.64,"2024/02/15 09:31-1-755.17-buy-LLY~(sell 1)",47.49,-0.1900,-1.36,0.0,802.48,827.22,728.26
143,LBRT,2024-02-20,20.86,432,9011.52,"2024/02/20 09:31-432-20.86-buy-LBRT",2024-04-04,22.84,9866.87,"2024/02/20 09:31-432-20.86-buy-LBRT~(sell 1)",1222.56,9.4900,855.35,0.0,23.689999999999998,25.119999999999997,19.4
144,LDOS,2024-02-22,124.66,2,249.32,"2024/02/22 12:30-2-124.66-buy-LDOS",2024-02-29,127.02,254.04,"2024/02/22 12:30-2-124.66-buy-LDOS~(sell 1)",8.42,1.8800,4.71,0.0,128.87,131.01,122.45
145,FIS,2024-02-22,64.34,4,257.36,"2024/02/22 12:30-4-64.34-buy-FIS",2024-02-29,68.36,273.44,"2024/02/22 12:30-4-64.34-buy-FIS~(sell 1)",18.96,6.2400,16.07,0.0,69.08000000000001,71.45000000000002,61.97
146,GE,2024-02-22,151.79,2,303.58,"2024/02/22 12:30-2-151.79-buy-GE",2024-02-29,156.01,312.02,"2024/02/22 12:30-2-151.79-buy-GE~(sell 1)",17.44,2.7700,8.43,0.0,160.5143,164.8824,147.41
169,APH,2024-02-22,106.1,2,212.2,"2024/02/22 12:30-2-106.12-buy-APH",2024-02-29,108.85,217.7,"2024/02/22 12:30-2-106.12-buy-APH~(sell 1)",8.14,2.5900,5.5,0.0,110.17249999999999,112.20999999999998,104.06
283,SUM,2024-02-22,41.89,7,293.23,"2024/02/22 12:30-7-41.91-buy-SUM",2024-02-29,42.87,300.08,"2024/02/22 12:30-7-41.91-buy-SUM~(sell 1)",36.47,2.3300,6.84,0.0,47.100000000000016,49.71000000000002,39.269999999999996
894,HLT,2024-02-22,203.09,1,203.09,"2024/02/22 12:30-1-203.09-buy-HLT",2024-02-29,204.04,204.04,"2024/02/22 12:30-1-203.09-buy-HLT~(sell 1)",13.41,0.4600,0.94,0.0,216.50000000000003,223.24000000000004,196.28
966,ABBV,2024-02-23,177.64,2,355.28,"2024/02/23 12:30-2-177.65-buy-ABBV",2024-04-04,172.16,344.32,"2024/02/23 12:30-2-177.65-buy-ABBV~market~(Market sell)",20.46,-3.0900,-10.96,0.0,187.87,192.99,172.51
967,PSTG,2024-02-29,51.53,8,412.24,"2024/02/29 12:30-8-51.53-buy-PSTG",2024-03-28,52.79,422.32,"2024/02/29 12:30-8-51.53-buy-PSTG~(sell 1)",171.76,2.4400,10.07,0.0,72.99999999999997,83.75999999999996,40.720000000000006
968,BALL,2024-02-29,63.69,6,382.14,"2024/02/29 11:00-6-63.69-buy-BALL",2024-05-10,69.03,414.18,"2024/02/29 11:00-6-63.69-buy-BALL ~(sell 1)",20.64,8.3843,32.04,0.000,67.13,68.84,61.99
969,STX,2024-02-29,92.95,4,371.8,"2024/02/29 11:35-4-92.95-buy-STX",2024-03-04,99.55,398.2,"2024/02/29 11:35-4-92.95-buy-STX~sell(2)",26.32,7.0900,26.39,0.0,99.53,102.69,89.7
970,CAH,2024-03-01,113.85,3,341.54,"2024/03/01 09:31-3-113.97-buy-CAH",2024-03-08,114.48,343.44,"2024/03/01 09:31-3-113.97-buy-CAH~(sell 1)",29.95,0.5500,1.89,0.0,123.82999999999998,128.82,108.86
971,STX,2024-03-01,95.25,4,381.0,"2024/03/01 09:31-4-95.33-buy-STX",2024-03-13,89.38,357.52,"2024/03/01 09:31-4-95.33-buy-STX~(sell 1)",46.86,-6.1700,-23.49,0.0,106.965,112.79,89.49
972,CRH,2024-03-01,84.02,5,420.1,"2024/03/01 09:31-5-84.03-buy-CRH",2024-03-28,86.43,432.15,"2024/03/01 09:31-5-84.03-buy-CRH~(sell 1)",61.4,2.8600,12.04,0.0,96.29999999999997,102.43999999999996,77.88000000000001
973,GM,2024-03-01,40.96,10,409.6,"2024/03/01 09:31-10-40.97-buy-GM",2024-03-07,39.72,397.2,"2024/03/01 09:31-10-40.97-buy-GM~(sell 1)",16.6,-3.0300,-12.41,0.0,42.620000000000005,43.580000000000005,39.74
974,APH,2024-03-01,109.0,3,327.0,"2024/03/01 09:30-3-109.00-buy-APH",2024-03-04,112.25,336.75,"2024/03/01 09:30-3-109.00-buy-APH~(sell 1)",9.54,2.9800,9.75,0.0,112.18,113.71,107.41
975,BALL,2024-03-01,64.08,5,320.39,"2024/03/01 12:30-5-64.08-buy-BALL",2024-03-08,65.69,328.45,"2024/03/01 12:30-5-64.08-buy-BALL~(sell 1)",19.06,2.5100,8.06,0.0,67.8904,69.8472,62.019999999999996
976,PSTG,2024-03-01,55.47,6,332.82,"2024/03/01 12:30-6-55.47-buy-PSTG",2024-05-15,57.97,347.82,"2024/03/01 12:30-6-55.47-buy-PSTG~(sell 1)",179.34,4.5000,15.0,0.0,85.35999999999999,100.23999999999998,40.720000000000006
978,GNTX,2024-03-05,36.92,5,184.6,"2024/03/05 09:31-5-36.92-buy-GNTX",2024-03-08,37.0,185.0,"2024/03/05 09:31-5-36.92-buy-GNTX~(sell 1)",5.8,0.2100,0.4,0.0,38.08,38.66,36.34
979,BHVN,2024-03-05,56.93,3,170.79,"2024/03/05 09:31-3-57.0-buy-BHVN",2024-04-15,44.55,133.65,"2024/03/05 09:31-3-57.0-buy-BHVN~market~(Market sell)",67.29,-21.7500,-37.14,0.0,79.36000000000001,90.67000000000002,45.43
980,THC,2024-03-06,97.63,60,5857.79,"2024/03/06 12:30-60-97.64-buy-THC",2024-03-18,99.75,5985.0,"2024/03/06 12:30-60-97.64-buy-THC~(sell 1)",601.8,2.1700,127.21,0.0,107.66,112.67999999999999,92.60000000000001
981,FIS,2024-03-06,70.39,84,5912.76,"2024/03/06 12:30-84-70.39-buy-FIS",2024-03-07,69.01,5796.84,"2024/03/06 12:30-84-70.39-buy-FIS~(sell 1)",226.8,-1.9700,-115.93,0.0,73.08999999999999,74.43999999999998,69.04
982,BAND,2024-03-07,19.91,160,3185.6,"2024/03/07 12:30-160-19.91-buy-BAND",2024-04-02,17.14,2742.4,"2024/03/07 12:30-160-19.91-buy-BAND~market~(Market sell)",810.4,-13.9200,-443.2,0.0,24.975000000000005,27.520000000000007,17.34
983,GEHC,2024-03-07,92.33,34,3139.22,"2024/03/07 12:30-34-92.33-buy-GEHC",2024-03-13,87.02,2958.68,"2024/03/07 12:30-34-92.33-buy-GEHC~market~(Market sell)",80.75,-5.7600,-180.54,0.0,94.70500000000001,95.92000000000002,91.06
984,BAND,2024-03-08,20.34,3,61.02,"2024/03/08 09:31-3-20.34-buy-BAND",2024-03-08,20.59,61.77,"2024/03/08 09:31-3-20.34-buy-BAND~(sell 1)",13.5,1.2200,0.75,0.0,24.84,27.09,18.09
985,SPR,2024-03-11,35.2,35,1232.0,"2024/03/11 09:31-35-35.21-buy-SPR",2024-03-11,34.61,1211.34,"2024/03/11 09:31-35-35.21-buy-SPR~(sell 1)",40.42,-1.6800,-20.67,0.0,36.35499999999999,36.929999999999986,34.63
986,AIG,2024-03-12,75.42,2,150.84,"2024/03/12 12:30-2-75.44-buy-AIG",2024-03-27,77.73,155.46,"2024/03/12 12:30-2-75.44-buy-AIG~(sell 1)",6.09,3.0600,4.62,0.0,78.46500000000002,79.99000000000002,73.89
987,UBS,2024-03-12,31.56,6,189.36,"2024/03/12 12:30-6-31.56-buy-UBS",2024-03-28,30.55,183.3,"2024/03/12 12:30-6-31.56-buy-UBS~(sell 1)",11.91,-3.2100,-6.07,0.0,33.544999999999995,34.53999999999999,30.560000000000002
988,PRU,2024-03-12,111.45,1,111.45,"2024/03/12 12:30-1-111.46-buy-PRU",2024-03-20,114.29,114.29,"2024/03/12 12:30-1-111.46-buy-PRU~(sell 1)",2.8,2.5400,2.84,0.0,114.255,115.67999999999999,109.98
989,BAC,2024-03-12,36.04,5,180.25,"2024/03/12 12:30-5-36.06-buy-BAC",2024-03-27,37.47,187.35,"2024/03/12 12:30-5-36.06-buy-BAC~(sell 1)",8.77,3.9300,7.09,0.0,37.805,38.68,35.18
990,COF,2024-03-12,139.47,1,139.47,"2024/03/12 12:30-1-139.47-buy-COF",2024-03-15,135.49,135.49,"2024/03/12 12:30-1-139.47-buy-COF~(sell 1)",7.98,-2.8600,-3.98,0.0,147.44999999999996,151.40999999999994,135.57000000000002
991,DFS,2024-03-12,123.48,1,123.48,"2024/03/12 12:30-1-123.49-buy-DFS",2024-03-15,120.19,120.19,"2024/03/12 12:30-1-123.49-buy-DFS~(sell 1)",6.43,-2.6800,-3.3,0.0,129.91000000000003,133.14000000000001,120.22
992,TOL,2024-03-13,124.16,21,2607.36,"2024/03/13 12:30-21-124.16-buy-TOL",2024-03-14,117.48,2467.08,"2024/03/13 12:30-21-124.16-buy-TOL~(sell 1)",273.2,-5.3900,-140.29,0.0,137.17,143.69,117.61
993,NRG,2024-03-13,62.98,42,2645.16,"2024/03/13 12:30-42-62.98-buy-NRG",2024-03-18,65.04,2731.68,"2024/03/13 12:30-42-62.98-buy-NRG~(sell 1)",252.0,3.2700,86.51,0.0,68.98,72.0,59.919999999999995
994,DHI,2024-03-13,156.16,17,2654.89,"2024/03/13 12:30-17-156.18-buy-DHI",2024-03-14,150.94,2565.98,"2024/03/13 12:30-17-156.18-buy-DHI~(sell 1)",172.48,-3.3500,-88.91,0.0,166.31600000000006,171.42800000000008,150.98
995,BAC,2024-03-13,36.04,9,324.36,"2024/03/13 09:31-9-36.04-buy-BAC",2024-03-14,35.72,321.48,"2024/03/13 09:31-9-36.04-buy-BAC~(sell 1)",5.35,-0.8900,-2.88,0.0,36.634999999999984,36.939999999999976,35.720000000000006
996,ECL,2024-03-18,229.33,4,917.32,"2024/03/18 12:30-4-229.38-buy-ECL",2024-03-28,231.12,924.48,"2024/03/18 12:30-4-229.38-buy-ECL~(sell 1)",58.72,0.7700,7.15,0.0,244.01,251.35999999999999,221.96
997,CSGP,2024-03-18,97.32,9,875.87,"2024/03/18 12:30-9-97.33-buy-CSGP",2024-04-16,86.28,776.52,"2024/03/18 12:30-9-97.33-buy-CSGP~sell(2)",201.16,-11.3500,-99.36,0.0,119.66999999999999,130.79999999999998,86.28
998,MNMD,2024-03-18,9.72,95,923.4,"2024/03/18 12:30-95-9.74-buy-MNMD",2024-03-28,9.88,938.6,"2024/03/18 12:30-95-9.74-buy-MNMD~(sell 1)",370.97,1.6400,15.2,0.0,13.625000000000004,15.560000000000006,7.819999999999999
999,AFL,2024-03-18,85.04,10,850.4,"2024/03/18 12:30-10-85.04-buy-AFL",2024-04-11,82.21,822.1,"2024/03/18 12:30-10-85.04-buy-AFL~(sell 1)",54.5,-3.3300,-28.3,0.0,90.49000000000001,93.22000000000001,82.3
1000,PRU,2024-03-18,113.54,8,908.32,"2024/03/18 12:30-8-113.54-buy-PRU",2024-03-28,117.45,939.6,"2024/03/18 12:30-8-113.54-buy-PRU~(sell 1)",48.16,3.4400,31.27,0.0,119.55999999999999,122.57999999999998,110.5
1001,ROL,2024-03-18,46.74,20,934.8,"2024/03/18 12:30-20-46.74-buy-ROL",2024-04-04,45.34,906.8,"2024/03/18 12:30-20-46.74-buy-ROL~(sell 1)",55.2,-3.0000,-28.0,0.0,49.50000000000001,50.88000000000001,45.36
1002,ECL,2024-03-19,229.14,8,1833.12,"2024/03/19 09:31-8-229.56-buy-ECL",2024-03-28,231.12,1848.96,"2024/03/19 09:31-8-229.56-buy-ECL~(sell 1)",103.72,0.8600,15.84,0.0,242.10500000000002,248.82000000000002,221.96
1003,ROL,2024-03-19,46.89,41,1922.49,"2024/03/19 09:31-41-46.89-buy-ROL",2024-04-04,45.34,1858.94,"2024/03/19 09:31-41-46.89-buy-ROL~(sell 1)",114.39,-3.3100,-63.55,0.0,49.67999999999999,51.11999999999999,45.36
1004,CSGP,2024-03-19,96.06,20,1921.2,"2024/03/19 09:31-20-96.19-buy-CSGP",2024-04-16,86.31,1726.2,"2024/03/19 09:31-20-96.19-buy-CSGP~sell(2)",385.5,-10.1500,-195.0,0.0,115.33500000000001,125.02000000000001,86.28
1005,AFL,2024-03-19,84.58,22,1860.76,"2024/03/19 09:31-22-84.58-buy-AFL",2024-03-28,86.11,1894.42,"2024/03/19 09:31-22-84.58-buy-AFL~(sell 1)",97.02,1.8000,33.66,0.0,88.99000000000001,91.22000000000001,82.3
1006,ERJ,2024-03-19,24.68,43,1061.24,"2024/03/19 12:30-43-24.68-buy-ERJ",2024-03-28,27.1,1165.3,"2024/03/19 12:30-43-24.68-buy-ERJ~(sell 1)",243.16,9.8000,104.05,0.0,30.334999999999997,33.16,21.86
1007,THC,2024-03-19,101.61,10,1016.1,"2024/03/19 12:30-10-101.65-buy-THC",2024-03-28,104.58,1045.8,"2024/03/19 12:30-10-101.65-buy-THC~(sell 1)",75.2,2.9200,29.69,0.0,109.12999999999997,112.98999999999995,97.55000000000001
1008,ALLY,2024-03-21,40.72,2,81.44,"2024/03/21 12:30-2-40.72-buy-ALLY",2024-04-10,37.2,74.4,"2024/03/21 12:30-2-40.72-buy-ALLY~market~(Market sell)",13.04,-8.6500,-7.04,0.0,47.239999999999995,50.49999999999999,37.46
1009,ATMU,2024-03-21,28.77,3,86.31,"2024/03/21 12:30-3-28.77-buy-ATMU",2024-03-27,30.82,92.46,"2024/03/21 12:30-3-28.77-buy-ATMU~(sell 1)",21.13,7.1100,6.14,0.0,35.815,39.35,25.21
1010,PXD,2024-04-01,263.11,7,1841.77,"2024/04/01 09:31-7-263.2-buy-PXD",2024-04-04,269.83,1888.81,"2024/04/01 09:31-7-263.2-buy-PXD~(sell 1)",107.73,2.5500,47.03,0.0,278.50000000000006,286.4200000000001,254.74
1011,XOM,2024-04-01,116.36,17,1978.12,"2024/04/01 09:31-17-116.39-buy-XOM",2024-04-04,119.53,2032.01,"2024/04/01 09:31-17-116.39-buy-XOM~(sell 1)",102.85,2.7200,53.89,0.0,122.41,125.49,113.17
1012,CHK,2024-04-01,89.28,22,1964.16,"2024/04/01 09:31-22-89.28-buy-CHK",2024-05-16,91.45,2011.9,"2024/04/01 09:31-22-89.28-buy-CHK~(sell 1)",192.06,2.4300,47.74,0.0,98.01,102.4,84.84
1013,AR,2024-04-01,29.34,67,1965.78,"2024/04/01 09:31-67-29.38-buy-AR",2024-04-11,30.38,2035.46,"2024/04/01 09:31-67-29.38-buy-AR~(sell 1)",314.89,3.5400,69.68,0.0,34.040000000000006,36.410000000000004,26.93
1014,PSX,2024-04-01,162.88,12,1954.67,"2024/04/01 09:31-12-163.05-buy-PSX",2024-04-04,173.31,2079.71,"2024/04/01 09:31-12-163.05-buy-PSX~(sell 1)",158.65,6.3900,125.03,0.0,176.11000000000004,183.00000000000006,155.44
1015,VST,2024-04-01,71.81,3,215.43,"2024/04/01 12:30-3-71.81-buy-VST",2024-04-16,67.51,202.53,"2024/04/01 12:30-3-71.81-buy-VST~(sell 1)",26.28,-6.0000,-12.91,0.0,80.56999999999996,84.92999999999995,67.49000000000001
1016,CEG,2024-04-03,191.79,16,3068.64,"2024/04/03 12:30-16-191.79-buy-CEG",2024-04-04,183.35,2933.6,"2024/04/03 12:30-16-191.79-buy-CEG~(sell 1)",265.6,-4.4100,-135.04,0.0,208.38999999999996,216.68999999999994,183.49
1017,PRU,2024-04-04,118.13,33,3898.29,"2024/04/04 12:30-33-118.15-buy-PRU",2024-04-04,116.05,3829.65,"2024/04/04 12:30-33-118.15-buy-PRU~(sell 1)",137.11,-1.7700,-68.64,0.0,122.28500000000004,124.36000000000006,116.05999999999999
1018,ARHS,2024-04-04,16.02,249,3988.98,"2024/04/04 12:30-249-16.02-buy-ARHS",2024-04-15,14.77,3677.73,"2024/04/04 12:30-249-16.02-buy-ARHS~(sell 1)",615.03,-7.8100,-311.25,0.0,18.490000000000002,19.730000000000004,14.770000000000001
1019,SMTC,2024-04-04,34.49,115,3966.35,"2024/04/04 12:30-115-34.5-buy-SMTC",2024-04-11,35.18,4045.7,"2024/04/04 12:30-115-34.5-buy-SMTC~(sell 1)",1728.45,2.0000,79.34,0.0,49.51999999999999,57.039999999999985,26.96
1020,SWK,2024-04-04,97.46,40,3898.39,"2024/04/04 12:30-40-97.48-buy-SWK",2024-04-10,93.47,3738.8,"2024/04/04 12:30-40-97.48-buy-SWK~market~(Market sell)",289.2,-4.1000,-159.59,0.0,104.68999999999998,108.30999999999997,93.83000000000001
1021,XOM,2024-04-08,121.33,38,4610.54,"2024/04/08 12:30-38-121.33-buy-XOM",2024-04-16,119.22,4530.35,"2024/04/08 12:30-38-121.33-buy-XOM~(sell 1)",156.56,-1.7400,-80.19,0.0,125.45,127.51,119.27
1022,GD,2024-04-08,293.64,15,4404.59,"2024/04/08 12:30-15-293.64-buy-GD",2024-04-09,290.47,4357.05,"2024/04/08 12:30-15-293.64-buy-GD~(sell 1)",80.7,-1.0800,-47.54,0.0,299.02000000000004,301.75000000000006,290.83
1023,INFA,2024-04-09,38.09,9,342.81,"2024/04/09 09:31-9-38.11-buy-INFA",2024-04-15,35.1,315.89,"2024/04/09 09:31-9-38.11-buy-INFA~market~(Market sell)",49.27,-7.8600,-26.93,0.0,43.565000000000005,46.36000000000001,35.18
1024,ALPN,2024-04-11,64.37,174,11200.38,"2024/04/11 12:30-174-64.37-buy-ALPN",2024-05-10,64.92,11296.08,"2024/04/11 12:30-174-64.37-buy-ALPN~(sell 1)",9914.52,0.8500,95.7,0.0,121.35000000000001,149.84,35.88
1025,VRT,2024-04-12,85.23,15,1278.45,"2024/04/12 09:31-15-85.23-buy-VRT",2024-04-19,77.77,1166.55,"2024/04/12 09:31-15-85.23-buy-VRT~market~(Market sell)",210.82,-8.7600,-111.91,0.0,99.28499999999998,106.33999999999997,78.12
1026,ALPN,2024-04-12,64.43,20,1288.59,"2024/04/12 09:31-20-64.43-buy-ALPN",2024-05-17,64.98,1299.59,"2024/04/12 09:31-20-64.43-buy-ALPN~(sell 1)",1083.4,0.8500,11.0,0.0,118.59999999999998,145.70999999999998,37.27
1027,DASH,2024-04-12,139.01,9,1251.08,"2024/04/12 09:31-9-139.16-buy-DASH",2024-04-15,132.97,1196.73,"2024/04/12 09:31-9-139.16-buy-DASH~(sell 1)",110.62,-4.3500,-54.35,0.0,151.29999999999998,157.39999999999998,133.0
1028,RVMD,2024-04-17,36.58,370,13534.59,"2024/04/17 12:30-370-36.58-buy-RVMD",2024-04-19,34.61,12805.7,"2024/04/17 12:30-370-36.58-buy-RVMD~market~(Market sell)",1317.21,-5.3900,-728.89,0.0,40.139999999999986,41.91999999999998,34.800000000000004
1029,TSLQ,2024-04-19,45.01,14,630.14,"2024/04/19 12:30-14-45.04-buy-TSLQ",2024-04-24,40.04,560.55,"2024/04/19 12:30-14-45.04-buy-TSLQ~market~(Market sell)",83.58,-11.0500,-69.6,0.0,50.980000000000004,53.970000000000006,42.01
1030,TSLS,2024-04-19,29.9,21,627.9,"2024/04/19 12:30-21-29.93-buy-TSLS",2024-04-24,26.57,557.97,"2024/04/19 12:30-21-29.93-buy-TSLS~market~(Market sell)",84.52,-11.1400,-69.93,0.0,33.925,35.94,27.88
1031,AEM,2024-05-09,67.42,36,2427.12,"2024/05/09 12:30-36-67.44-buy-AEM",2024-05-15,68.38,2461.67,"2024/05/09 12:30-36-67.44-buy-AEM~(sell 1)",177.84,1.4200,34.55,0.0,72.36,74.83,64.95
1032,APH,2024-05-09,127.09,19,2414.71,"2024/05/09 12:30-19-127.09-buy-APH",2024-05-15,131.35,2495.65,"2024/05/09 12:30-19-127.09-buy-APH~(sell 1)",150.86,3.3500,80.94,0.0,135.03000000000003,139.00000000000006,123.11999999999999
1033,SKX,2024-05-09,67.98,36,2447.28,"2024/05/09 12:30-36-67.98-buy-SKX",2024-05-14,69.19,2490.84,"2024/05/09 12:30-36-67.98-buy-SKX~(sell 1)",141.89,1.7700,43.55,0.0,71.92159999999998,73.88879999999997,66.02000000000001
1034,OSCR,2024-05-09,21.69,113,2450.96,"2024/05/09 12:30-113-21.72-buy-OSCR",2024-05-14,22.16,2504.08,"2024/05/09 12:30-113-21.72-buy-OSCR~(sell 1)",664.44,2.1600,53.11,0.0,27.57,30.5,18.78
1035,PEG,2024-05-09,73.14,33,2413.62,"2024/05/09 12:30-33-73.14-buy-PEG",2024-05-13,74.06,2443.98,"2024/05/09 12:30-33-73.14-buy-PEG~(sell 1)",122.92,1.2500,30.36,0.0,76.865,78.72999999999999,71.27000000000001
1036,EAT,2024-05-09,59.03,41,2420.23,"2024/05/09 12:30-41-59.03-buy-EAT",2024-05-13,60.47,2479.27,"2024/05/09 12:30-41-59.03-buy-EAT~(sell 1)",223.04,2.4300,59.03,0.0,64.47,67.19999999999999,56.28
1037,OSCR,2024-05-10,22.57,11,248.27,"2024/05/10 09:31-11-22.57-buy-OSCR",2024-05-15,23.15,254.65,"2024/05/10 09:31-11-22.57-buy-OSCR~(sell 1)",97.79,2.5600,6.37,0.0,31.459999999999994,35.93999999999999,18.020000000000003
1038,AMGN,2024-05-10,313.79,5,1568.95,"2024/05/10 12:30-5-313.79-buy-AMGN",2024-05-20,313.38,1566.9,"2024/05/10 12:30-5-313.79-buy-AMGN~(sell 1)",159.0,-0.1400,-2.05,0.0,345.59,361.59,297.59
1039,OSCR,2024-05-10,22.19,72,1597.68,"2024/05/10 12:30-72-22.19-buy-OSCR",2024-05-15,23.21,1671.12,"2024/05/10 12:30-72-22.19-buy-OSCR~(sell 1)",484.56,4.5900,73.43,0.0,28.919999999999998,32.3,18.78
1040,OUST,2024-05-10,12.85,124,1593.4,"2024/05/10 12:30-124-12.85-buy-OUST",2024-05-17,13.76,1706.24,"2024/05/10 12:30-124-12.85-buy-OUST~(sell 1)",926.28,7.0800,112.83,0.0,20.319999999999997,24.059999999999995,9.100000000000001
1041,PEG,2024-05-10,73.84,21,1550.64,"2024/05/10 12:30-21-73.86-buy-PEG",2024-05-16,74.92,1573.32,"2024/05/10 12:30-21-73.86-buy-PEG~(sell 1)",106.68,1.4600,22.67,0.0,78.91999999999996,81.46999999999994,71.27000000000001
1042,AEM,2024-05-10,68.31,23,1571.13,"2024/05/10 12:30-23-68.31-buy-AEM",2024-05-17,69.79,1605.17,"2024/05/10 12:30-23-68.31-buy-AEM~(sell 1)",153.18,2.1600,34.03,0.0,74.97000000000001,78.31000000000002,64.95
1043,DJT,2024-05-10,52.71,30,1581.3,"2024/05/10 12:30-30-52.71-buy-DJT",2024-05-13,54.3,1629.0,"2024/05/10 12:30-30-52.71-buy-DJT~(sell 1)",363.0,3.0100,47.7,0.0,64.81,70.88999999999999,46.57
1044,EAT,2024-05-10,58.91,27,1590.57,"2024/05/10 12:30-27-58.91-buy-EAT",2024-05-13,60.47,1632.69,"2024/05/10 12:30-27-58.91-buy-EAT~(sell 1)",138.78,2.6400,42.12,0.0,64.04999999999998,66.63999999999999,56.28
1045,AFL,2024-05-13,86.25,1,86.25,"2024/05/13 09:31-1-86.25-buy-AFL",2024-06-03,89.45,89.45,"2024/05/13 09:31-1-86.25-buy-AFL~(sell 1)",4.13,3.7100,3.2,0.0,90.39,92.48,84.11999999999999
1046,NVDA,2024-05-15,946.14,1,946.14,"2024/05/15 12:30-1-946.14-buy-NVDA",2024-05-20,949.9,949.9,"2024/05/15 12:30-1-946.14-buy-NVDA~(sell 1)",120.63,0.3900,3.75,0.0,1066.77,1127.27,885.27
1047,QQQ,2024-05-15,450.87,4,1803.48,"2024/05/15 12:30-4-450.87-buy-QQQ",2024-05-20,454.87,1819.48,"2024/05/15 12:30-4-450.87-buy-QQQ~(sell 1)",72.08,0.8800,16.0,0.0,468.8900000000001,477.90000000000015,441.85999999999996
1048,SMH,2024-05-15,232.3,7,1626.1,"2024/05/15 12:30-7-232.31-buy-SMH",2024-05-20,235.0,1645.0,"2024/05/15 12:30-7-232.31-buy-SMH~(sell 1)",151.37,1.1600,18.9,0.0,253.92499999999993,264.7399999999999,221.48000000000002
1049,AMAT,2024-05-15,214.58,8,1716.64,"2024/05/15 12:30-8-214.62-buy-AMAT",2024-05-16,217.49,1739.92,"2024/05/15 12:30-8-214.62-buy-AMAT~(sell 1)",169.76,1.3500,23.27,0.0,235.79999999999998,246.42999999999998,203.91
1050,QQQM,2024-05-15,185.52,9,1669.68,"2024/05/15 12:30-9-185.52-buy-QQQM",2024-06-03,186.81,1681.29,"2024/05/15 12:30-9-185.52-buy-QQQM~(sell 1)",66.51,0.6900,11.6,0.0,192.91060000000002,196.60080000000002,181.84
1051,DELL,2024-05-15,146.15,12,1753.8,"2024/05/15 12:30-12-146.21-buy-DELL",2024-05-17,147.78,1773.36,"2024/05/15 12:30-12-146.21-buy-DELL~(sell 1)",443.04,1.1100,19.55,0.0,183.07000000000002,201.53000000000003,127.69
1052,TQQQ,2024-05-15,62.68,28,1755.04,"2024/05/15 12:30-28-62.69-buy-TQQQ",2024-05-16,64.14,1795.92,"2024/05/15 12:30-28-62.69-buy-TQQQ~(sell 1)",204.68,2.3200,40.88,0.0,69.99,73.63999999999999,59.04
1053,ANET,2024-05-15,324.56,5,1622.8,"2024/05/15 12:30-5-324.7-buy-ANET",2024-05-23,305.0,1525.0,"2024/05/15 12:30-5-324.7-buy-ANET~market~(Market sell)",182.37,-6.0300,-97.8,0.0,361.034,379.392,305.96
1054,VRT,2024-05-15,101.57,14,1421.98,"2024/05/15 12:30-17-101.58-buy-VRT",2024-05-28,105.74,1480.36,"2024/05/15 12:30-17-101.58-buy-VRT~(sell 1)",0.0,4.1000,58.37,0.0,0.0,0.0,0.0
1055,AMAT,2024-05-16,217.78,8,1742.24,"2024/05/16 09:31-8-217.8-buy-AMAT",2024-05-20,219.87,1758.96,"2024/05/16 09:31-8-217.8-buy-AMAT~(sell 1)",50.94,0.9500,16.72,0.0,224.14860000000002,228.501,203.91
1056,ANET,2024-05-16,326.26,5,1631.3,"2024/05/16 09:31-5-326.42-buy-ANET",2024-05-23,305.0,1525.0,"2024/05/16 09:31-5-326.42-buy-ANET~market~(Market sell)",47.08,-6.5200,-106.3,0.0,335.67699999999996,342.195,305.96
1057,PSTG,2024-05-16,59.06,32,1889.92,"2024/05/16 09:31-32-59.07-buy-PSTG",2024-06-07,64.88,2076.16,"2024/05/16 09:31-32-59.07-buy-PSTG~(sell 1)",59.66,9.8000,186.24,0.00,60.9245,62.1075,53.78
1058,BOOT,2024-05-16,111.98,66,7390.68,"2024/05/16 12:30-66-112.04-buy-BOOT",2024-05-17,113.52,7492.32,"2024/05/16 12:30-66-112.04-buy-BOOT~(sell 1)",221.72,1.3700,101.63,0.0,115.3394,117.57900000000001,103.63
1059,OKE,2024-05-20,82.92,164,13598.88,"2024/05/20 09:31-164-82.94-buy-OKE",2024-05-22,81.3,13333.2,"2024/05/20 09:31-164-82.94-buy-OKE~(sell 1)",399.52,-1.9600,-265.68,0.0,85.3561,87.01350000000001,81.31
1060,LLY,2024-05-21,804.34,5,4021.7,"2024/05/21 12:30-5-804.54-buy-LLY",2024-06-03,827.22,4136.1,"2024/05/21 12:30-5-804.54-buy-LLY~(sell 1)",121.21,2.8400,114.4,0.0,828.5835000000001,844.6725,763.39
1061,BRO,2024-05-21,90.19,44,3968.35,"2024/05/21 12:30-44-90.19-buy-BRO",2024-05-23,89.15,3922.6,"2024/05/21 12:30-44-90.19-buy-BRO~sell(2)",119.06,-1.1600,-45.75,0.0,92.89569999999999,94.6995,89.26
1062,INSM,2024-05-30,56.92,130,7399.6,"2024/05/30 12:30-130-56.99-buy-INSM",2024-06-06,58.72,7633.6,"2024/05/30 12:30-130-56.99-buy-INSM~(sell 1)",217.97,3.1600,234.0,0.0,58.5967,59.7345,44.64
1063,BURL,2024-05-30,235.33,31,7295.23,"2024/05/30 12:30-31-235.6-buy-BURL",2024-05-31,242.28,7510.68,"2024/05/30 12:30-31-235.6-buy-BURL~(sell 1)",212.15,2.9500,215.45,0.0,242.1736,246.876,195.94000000000003
1064,LLY,2024-05-30,818.49,9,7366.41,"2024/05/30 12:30-9-818.52-buy-LLY",2024-06-06,843.45,7591.05,"2024/05/30 12:30-9-818.52-buy-LLY~sell(3)",216.72,3.0400,224.64,0.0,842.5708999999999,858.9314999999999,800.07
1065,INSM,2024-05-31,56.91,4,227.64,"2024/05/31 09:31-4-57.23-buy-INSM",2024-06-06,58.72,234.88,"2024/05/31 09:31-4-57.23-buy-INSM~(sell 1)",6.54,3.1800,7.24,0.0,58.5452,59.682,44.64
1066,HPQ,2024-06-12,36.53,820,29954.6,"2024/06/12 12:30-820-36.54-buy-HPQ",2024-06-14,35.8,29356.0,"2024/06/12 12:30-820-36.54-buy-HPQ~(sell 1)",894.41,-2.0000,-598.6,0.0,37.62075,38.35125,35.800000000000004
1067,IREN,2024-06-13,13.98,3,41.94,"2024/06/13 09:31-3-13.99-buy-IREN",2024-06-17,14.42,43.26,"2024/06/13 09:31-3-13.99-buy-IREN~(sell 1)",1.1,3.1400,1.32,0.0,14.3479,14.6265,9.379999999999999
1068,NFLX,2024-06-17,671.05,44,29526.19,"2024/06/17 09:31-44-671.07-buy-NFLX",2024-06-27,687.93,30268.92,"2024/06/17 09:31-44-671.07-buy-NFLX~(sell 1)",726.72,2.5100,742.72,0.0,687.5662,700.9169999999999,640.4200000000001
1069,TQQQ,2024-06-17,75.66,2,151.32,"2024/06/17 12:30-2-75.68-buy-TQQQ",2024-06-24,72.44,144.88,"2024/06/17 12:30-2-75.68-buy-TQQQ~(sell 1)",4.57,-4.2600,-6.44,0.0,77.94525,79.45875,72.51
1070,QQQM,2024-06-17,198.52,1,198.52,"2024/06/17 12:30-1-198.52-buy-QQQM",2024-06-24,195.73,195.73,"2024/06/17 12:30-1-198.52-buy-QQQM~(sell 1)",5.94,-1.4200,-2.8,0.0,204.46529999999998,208.4355,195.71
1071,TMUS,2024-06-25,177.89,2,355.78,"2024/06/25 09:31-2-177.98-buy-TMUS",2024-07-16,183.2,366.4,"2024/06/25 09:31-2-177.98-buy-TMUS~(sell 1)",10.59,2.9800,10.62,0.0,183.1855,186.7425,173.63
1072,HUT,2024-06-25,14.56,8,116.48,"2024/06/25 12:30-8-14.57-buy-HUT",2024-06-26,15.0,120.0,"2024/06/25 12:30-8-14.57-buy-HUT~(sell 1)",3.41,3.0100,3.51,0.0,14.986500000000001,15.2775,11.74
1073,DDOG,2024-06-28,129.31,114,14741.34,"2024/06/28 12:30-114-129.31-buy-DDOG",2024-07-05,134.55,15338.7,"2024/06/28 12:30-114-129.31-buy-DDOG~sell(2)",427.56,4.0500,597.36,0.0,133.06055,135.64425,117.42999999999999
1074,INTU,2024-06-28,660.19,22,14524.18,"2024/06/28 12:30-22-660.22-buy-INTU",2024-07-24,621.58,13674.76,"2024/06/28 12:30-22-660.22-buy-INTU~sell(2)",432.55,-5.8500,-849.42,0.0,679.8515,693.0525,622.37
1075,IRM,2024-07-02,90.87,4,363.48,"2024/07/02 12:30-4-90.87-buy-IRM",2024-07-09,93.55,374.2,"2024/07/02 12:30-4-90.87-buy-IRM~sell(4)",10.69,2.9400,10.71,0.0,93.54459999999999,95.36099999999999,88.35
1076,HUT,2024-07-08,17.27,426,7357.02,"2024/07/08 12:30-426-17.29-buy-HUT",2024-07-09,17.85,7604.1,"2024/07/08 12:30-426-17.29-buy-HUT~(sell 1)",200.96,3.3500,247.07,0.0,17.741750000000003,18.08625,14.209999999999999
1077,SPR,2024-07-08,34.54,213,7357.02,"2024/07/08 12:30-213-34.54-buy-SPR",2024-07-16,35.59,7580.67,"2024/07/08 12:30-213-34.54-buy-SPR~(sell 1)",216.32,3.0300,223.64,0.0,35.555600000000005,36.246,33.519999999999996
1078,HUT,2024-07-09,17.87,2,35.74,"2024/07/09 09:31-2-17.87-buy-HUT",2024-07-15,18.42,36.84,"2024/07/09 09:31-2-17.87-buy-HUT~(sell 1)",0.78,3.0700,1.1,0.0,18.2619,18.616500000000002,14.209999999999999
1079,CORZ,2024-07-09,9.83,261,2565.63,"2024/07/09 12:30-261-9.84-buy-CORZ",2024-07-10,10.11,2638.71,"2024/07/09 12:30-261-9.84-buy-CORZ~(sell 1)",70.24,2.8400,73.07,0.0,10.09915,10.29525,8.92
1080,ALNY,2024-07-09,255.18,10,2551.8,"2024/07/09 12:30-10-255.18-buy-ALNY",2024-07-11,262.7,2627.0,"2024/07/09 12:30-10-255.18-buy-ALNY~(sell 1)",74.49,2.9400,75.19,0.0,262.6294,267.729,247.24
1081,SPR,2024-07-09,34.67,74,2565.58,"2024/07/09 12:30-74-34.67-buy-SPR",2024-07-16,35.74,2644.76,"2024/07/09 12:30-74-34.67-buy-SPR~(sell 1)",76.58,3.0800,79.18,0.0,35.70495,36.39825,34.0
1082,AU,2024-07-10,28.83,90,2594.69,"2024/07/10 12:30-90-28.84-buy-AU",2024-07-16,29.7,2673.0,"2024/07/10 12:30-90-28.84-buy-AU~(sell 1)",76.92,3.0100,78.3,0.0,29.6846,30.261,28.04
1083,ECL,2024-07-12,244.99,10,2449.9,"2024/07/12 09:31-10-244.99-buy-ECL",2024-07-15,241.35,2413.5,"2024/07/12 09:31-10-244.99-buy-ECL~(sell 1)",72.72,-1.4900,-36.41,0.0,252.26245,257.16075,241.44
1084,AEM,2024-07-16,75.61,17,1285.35,"2024/07/16 09:31-17-75.62-buy-AEM",2024-07-19,72.93,1239.81,"2024/07/16 09:31-17-75.62-buy-AEM~market~(Market sell)",37.34,-3.5500,-45.54,0.0,77.8062,79.31700000000001,73.65
1085,COHR,2024-07-16,80.01,16,1280.16,"2024/07/16 09:31-16-80.22-buy-COHR",2024-07-17,75.06,1200.96,"2024/07/16 09:31-16-80.22-buy-COHR~(sell 1)",34.28,-6.1900,-79.21,0.0,82.1528,83.748,75.14
1086,AIG,2024-07-16,78.01,33,2574.33,"2024/07/16 12:30-33-78.02-buy-AIG",2024-07-19,76.9,2537.69,"2024/07/16 12:30-33-78.02-buy-AIG~(sell 1)",76.55,-1.4300,-36.64,0.0,80.32969999999999,81.8895,76.94
1087,CHWY,2024-07-16,27.64,93,2570.52,"2024/07/16 12:30-93-27.65-buy-CHWY",2024-07-18,25.89,2407.77,"2024/07/16 12:30-93-27.65-buy-CHWY~(sell 1)",76.15,-6.3400,-162.75,0.0,28.4589,29.011499999999998,25.91
1088,HON,2024-07-16,217.58,11,2393.38,"2024/07/16 12:30-11-217.62-buy-HON",2024-07-25,200.51,2205.61,"2024/07/16 12:30-11-217.62-buy-HON~market~(Market sell)",72.31,-7.8500,-187.77,0.0,224.15375,228.50625,212.98
1089,CP,2024-07-16,83.93,30,2517.9,"2024/07/16 12:30-30-83.94-buy-CP",2024-07-23,82.49,2474.69,"2024/07/16 12:30-30-83.94-buy-CP~(sell 1)",76.46,-1.7200,-43.22,0.0,86.47879999999999,88.15799999999999,82.51
1090,TMUS,2024-07-16,182.46,14,2554.44,"2024/07/16 12:30-14-182.47-buy-TMUS",2024-07-22,178.08,2493.12,"2024/07/16 12:30-14-182.47-buy-TMUS~(sell 1)",75.91,-2.4100,-61.33,0.0,187.8823,191.5305,178.10999999999999
1091,ZAPP,2024-07-17,14.7,20,294.0,"2024/07/17 09:31-20-14.73-buy-ZAPP",2024-07-22,8.82,176.4,"2024/07/17 09:31-20-14.73-buy-ZAPP~market~(Market sell)",8.3,-40.0000,-117.6,0.0,15.115250000000001,15.408750000000001,8.87
1092,OKE,2024-07-18,84.0,7,588.0,"2024/07/18 09:31-7-84.33-buy-OKE",2024-07-18,84.16,589.12,"2024/07/18 09:31-7-84.33-buy-OKE~(sell 1)",18.25,0.1900,1.12,0.0,86.60754999999999,88.28925,84.15
1093,PNC,2024-07-18,178.11,3,534.33,"2024/07/18 09:31-3-178.16-buy-PNC",2024-07-18,175.85,527.54,"2024/07/18 09:31-3-178.16-buy-PNC~(sell 1)",15.75,-1.2800,-6.8,0.0,183.3606,186.92100000000002,175.91000000000003
1094,INCY,2024-07-18,66.16,11,727.76,"2024/07/18 12:30-11-66.17-buy-INCY",2024-07-25,68.16,749.76,"2024/07/18 12:30-11-66.17-buy-INCY~(sell 1)",21.32,3.0200,22.0,0.0,68.09845,69.42075,63.23
1095,INCY,2024-07-19,65.65,106,6958.9,"2024/07/19 12:30-106-65.65-buy-INCY",2024-07-25,67.78,7184.68,"2024/07/19 12:30-106-65.65-buy-INCY~sell(2)",206.58,3.2400,225.78,0.0,67.5989,68.91149999999999,63.23
1096,RF,2024-07-22,22.31,7,156.16,"2024/07/22 12:30-7-22.31-buy-RF",2024-08-02,20.81,145.66,"2024/07/22 12:30-7-22.31-buy-RF~market~(Market sell)",4.62,-6.7300,-10.5,0.0,22.969,23.415,20.98
1097,TPH,2024-07-22,45.06,3,135.18,"2024/07/22 12:30-3-45.06-buy-TPH",2024-07-23,46.4,139.19,"2024/07/22 12:30-3-45.06-buy-TPH~(sell 1)",3.97,2.9500,4.0,0.0,46.38605,47.28675,43.739999999999995
1098,EBS,2024-07-23,12.3,424,5215.2,"2024/07/23 12:30-424-12.33-buy-EBS",2024-07-24,12.71,5389.04,"2024/07/23 12:30-424-12.33-buy-EBS~(sell 1)",153.26,3.3300,173.84,0.0,12.661481,12.907335,10.479999999999999
1099,WAL,2024-07-24,79.3,249,19745.7,"2024/07/24 12:30-249-79.33-buy-WAL",2024-07-26,81.64,20328.36,"2024/07/24 12:30-249-79.33-buy-WAL~sell(6)",566.72,2.9500,582.65,0.0,81.57600000000001,83.16,75.78
1100,WAL,2024-07-29,80.08,93,7447.44,"2024/07/29 09:52-93-80.08-buy-WAL",2024-08-02,73.28,6815.04,"2024/07/29 09:52-93-80.08-buy-WAL~market~(Market sell)",223.42,-8.5000,-632.4,0.0,82.4824,84.084,75.45
1101,MTB,2024-07-29,173.15,43,7445.45,"2024/07/29 09:52-43-173.16-buy-MTB",2024-08-01,170.24,7320.32,"2024/07/29 09:52-43-173.16-buy-MTB~market~(Market sell)",216.72,-1.6900,-125.14,0.0,178.19,181.65,170.68
1102,SF,2024-07-29,87.8,84,7375.2,"2024/07/29 09:52-84-87.8-buy-SF",2024-08-02,82.11,6897.24,"2024/07/29 09:52-84-87.8-buy-SF~market~(Market sell)",218.22,-6.4900,-477.96,0.0,90.39795,92.15325,82.34
1103,NDAQ,2024-07-30,69.73,108,7530.84,"2024/07/30 12:30-108-69.73-buy-NDAQ",2024-08-02,66.48,7179.84,"2024/07/30 12:30-108-69.73-buy-NDAQ~(sell 1)",225.92,-4.6700,-351.0,0.0,71.8219,73.21650000000001,66.56
1104,LBRT,2024-07-31,24.13,1,24.13,"2024/07/31 12:30-1-24.13-buy-LBRT",2024-08-02,22.0,22.0,"2024/07/31 12:30-1-24.13-buy-LBRT~market~(Market sell)",0.7,-8.8300,-2.13,0.0,24.833299999999998,25.3155,22.34
1105,CNK,2024-08-06,26.21,285,7469.85,"2024/08/06 12:30-285-26.23-buy-CNK",2024-08-14,26.99,7692.15,"2024/08/06 12:30-285-26.23-buy-CNK~(sell 1)",221.89,2.9700,222.29,0.0,26.988575,27.512625,23.299999999999997
1106,CDNA,2024-08-06,25.08,298,7473.83,"2024/08/06 12:30-298-25.12-buy-CDNA",2024-08-06,25.85,7703.3,"2024/08/06 12:30-298-25.12-buy-CDNA~(sell 1)",221.15,3.0700,229.47,0.0,25.8221,26.3235,19.64
1107,PSN,2024-08-06,90.41,82,7413.62,"2024/08/06 12:30-82-90.41-buy-PSN",2024-08-12,93.17,7639.94,"2024/08/06 12:30-82-90.41-buy-PSN~(sell 1)",216.49,3.0500,226.31,0.0,93.0502,94.857,84.6
1108,LTH,2024-08-06,24.02,312,7494.24,"2024/08/06 12:30-312-24.02-buy-LTH",2024-08-23,24.76,7725.12,"2024/08/06 12:30-312-24.02-buy-LTH~sell(4)",232.05,3.0800,230.88,0.0,24.763775,25.244625,19.95
1109,PPC,2024-08-07,43.48,43,1869.64,"2024/08/07 09:31-43-43.52-buy-PPC",2024-08-08,44.81,1926.83,"2024/08/07 09:31-43-43.52-buy-PPC~(sell 1)",53.43,3.0500,57.18,0.0,44.7226,45.591,40.29
1110,CNK,2024-08-07,26.2,72,1886.4,"2024/08/07 09:31-72-26.27-buy-CNK",2024-08-14,26.96,1941.12,"2024/08/07 09:31-72-26.27-buy-CNK~sell(2)",54.36,2.9000,54.71,0.0,26.9551,27.4785,23.299999999999997
1111,CDNA,2024-08-07,25.07,75,1880.25,"2024/08/07 09:31-75-25.21-buy-CDNA",2024-08-08,25.54,1915.5,"2024/08/07 09:31-75-25.21-buy-CDNA~sell(2)",31.69,1.8700,35.25,0.0,25.492603,25.987605,19.64
1112,LTH,2024-08-07,24.31,78,1896.17,"2024/08/07 09:31-78-24.31-buy-LTH",0000-00-00,N/A,N/A,N/A,52.07,0.0000,N/A,0.0000,24.9775,25.4625,19.95
1113,REG,2024-08-07,70.38,1,70.38,"2024/08/07 12:30-1-70.38-buy-REG",0000-00-00,N/A,N/A,N/A,2.08,0.0000,N/A,0.0000,72.4605,73.86749999999999,67.61
1114,WELL,2024-08-12,115.96,48,5566.08,"2024/08/12 12:30-48-115.96-buy-WELL",2024-08-23,119.44,5733.12,"2024/08/12 12:30-48-115.96-buy-WELL~(sell 1)",165.49,3.0000,167.03,0.0,119.40790000000001,121.7265,115.12
1115,K,2024-08-12,74.29,75,5571.75,"2024/08/12 12:30-75-74.31-buy-K",2024-08-14,80.09,6006.75,"2024/08/12 12:30-75-74.31-buy-K~(sell 1)",165.6,7.8000,435.0,0.0,76.4981,77.98349999999999,72.57
1116,VIRT,2024-08-15,30.31,492,14912.51,"2024/08/15 09:31-492-30.42-buy-VIRT",0000-00-00,N/A,N/A,N/A,422.04,0.0000,N/A,0.0000,31.167800000000003,31.773000000000003,28.56
1117,GGAL,2024-08-15,35.89,1,35.89,"2024/08/15 12:30-1-35.9-buy-GGAL",2024-08-22,33.5,33.5,"2024/08/15 12:30-1-35.9-buy-GGAL~market~(Market sell)",1.0,-6.6900,-2.4,0.0,36.8946,37.611,33.63
1118,AZN,2024-08-23,86.38,65,5614.7,"2024/08/23 12:30-65-86.39-buy-AZN",0000-00-00,N/A,N/A,N/A,168.44,0.0000,N/A,0.0000,88.97139999999999,90.699,84.53
