transaction_id,symbol,date_purchased,purchased_pps,qty,total_buy_price,purchase_string,date_sold,sold_pps,total_sell_price,sell_string,expected_return,percentage_roi,actual_return,stop_loss_price,tp1,tp2,sop
1,CRM,2023-11-20,223.20,12,2678.39,"""2023/11/20 09:50-12-223.21-buy-CRM""",2023-11-30,249.48,2993.76,"""2023/11/20 09:50-12-223.21-buy-CRM~(sell 1)""",100.48,11.77,315.37,0.00,231.57,235.42,220.02
2,NET,2023-11-20,73.37,34,2494.58,"""2023/11/20 09:50-34-73.37-buy-NET""",2023-12-14,83.38,2834.92,"""2023/11/20 09:50-34-73.37-buy-NET~sell(2)""",305.21,13.64,340.34,0.00,81.62,85.72,69.32
3,RCL,2023-11-20,105.26,25,2631.50,"""2023/11/20 09:50-25-105.31-buy-RCL""",2023-11-21,102.96,2574.0,"""2023/11/20 09:50-25-105.31-buy-RCL~(sell 7)""",61.87,-2.19,-57.5,0.00,107.73,109.18,103.41
4,SPOT,2023-11-20,178.86,15,2682.90,"""2023/11/20 09:50-15-178.87-buy-SPOT""",2023-12-04,193.85,2907.75,"""2023/11/20 09:50-15-178.87-buy-SPOT~(sell 1)""",123.22,8.38,224.84,0.00,187.08,191.33,174.32
5,FERG,2023-11-20,164.78,16,2636.48,"""2023/11/20 09:50-16-164.92-buy-FERG""",2023-11-20,164.63,2634.08,"""2023/11/20 09:50-16-164.92-buy-FERG~(sell 14)""",4.44,-0.10,-2.41,0.00,165.06,165.22,164.58
6,IOT,2023-11-20,27.01,100,2701.00,"""2023/11/20 09:50-100-27.05-buy-IOT""",2023-11-21,26.03,2603.0,"""2023/11/20 09:50-100-27.05-buy-IOT~(sell 10)""",208.40,-3.63,-98.0,0.00,29.09,30.11,26.04
7,SHOP,2023-11-20,69.33,39,2703.87,"""2023/11/20 09:50-39-69.34-buy-SHOP""",2023-12-05,75.43,2941.77,"""2023/11/20 09:50-39-69.34-buy-SHOP~(sell 1)""",237.00,8.79,237.9,0.00,75.41,78.38,66.49
8,UBER,2023-11-20,54.72,49,2681.28,"""2023/11/20 09:50-49-54.74-buy-UBER""",2023-11-29,56.96,2791.04,"""2023/11/20 09:50-49-54.74-buy-UBER~(sell 10)""",107.80,4.09,109.75,0.00,56.92,57.92,53.93
9,ELF,2023-11-20,111.38,24,2673.12,"""2023/11/20 09:50-24-111.47-buy-ELF""",2023-11-20,109.61,2630.64,"""2023/11/20 09:50-24-111.47-buy-ELF ~sell 7""",58.69,-1.59,-42.49,0.00,113.83,115.07,110.08
10,DKNG,2023-11-20,38.45,70,2691.50,"""2023/11/20 09:50-70-38.45-buy-DKNG""",2023-12-04,37.15,2600.5,"""2023/11/20 09:50-70-38.45-buy-DKNG~sell(2)""",173.00,-3.39,-91.0,0.00,40.92,42.16,37.21
11,EXPE,2023-11-20,135.88,20,2717.60,"""2023/11/20 09:50-20-136.02-buy-EXPE""",2023-12-07,142.26,2845.2,"""2023/11/20 09:50-20-136.02-buy-EXPE~sell(3)""",126.41,4.69,127.59,0.00,142.20,145.85,131.26
12,CNM,2023-11-21,33.84,15,507.60,"""2023/11/21 11:08-15-33.84-buy-CNM""",2023-11-24,34.72,520.79,"""2023/11/21 11:08-15-33.84-buy-CNM~(sell 15)""",13.27,2.59,13.18,0.00,34.72,35.18,33.36
13,XPO,2023-11-21,88.95,5,444.75,"""2023/11/21 11:08-5-88.95-buy-XPO""",2023-11-28,87.13,435.65,"""2023/11/21 11:08-5-88.95-buy-XPO~(sell 2)""",17.05,-2.05,-9.11,0.00,92.36,94.08,87.20
14,AZEK,2023-11-21,31.24,16,499.84,"""2023/11/21 11:08-16-31.26-buy-AZEK""",2023-11-29,33.17,530.72,"""2023/11/21 11:08-16-31.26-buy-AZEK~(sell 4)""",14.72,6.17,30.88,0.00,32.16,32.63,30.75
15,UNP,2023-11-21,221.44,2,442.88,"""2023/11/21 11:08-2-221.46-buy-UNP""",2023-12-01,231.97,463.94,"""2023/11/21 11:08-2-221.46-buy-UNP~sell(2)""",20.83,4.75,21.06,0.00,231.86,237.07,216.21
16,GDDY,2023-11-21,92.55,5,462.75,"""2023/11/21 11:08-5-92.61-buy-GDDY""",2023-11-22,94.99,474.95,"""2023/11/21 11:08-5-92.61-buy-GDDY~(sell 15)""",8.30,2.63,12.19,0.00,94.21,95.05,91.69
17,CAH,2023-11-21,105.03,5,525.15,"""2023/11/21 11:08-5-105.03-buy-CAH""",2023-12-14,101.92,509.6,"""2023/11/21 11:08-5-105.03-buy-CAH~market~(Market sell)""",25.05,-2.97,-15.55,0.00,110.04,112.56,102.48
18,BLDR,2023-11-21,133.90,3,401.70,"""2023/11/21 11:08-3-133.9-buy-BLDR""",2023-12-01,139.27,417.81,"""2023/11/21 11:08-3-133.9-buy-BLDR~(sell 1)""",15.85,4.01,16.11,0.00,139.19,141.86,131.16
19,PHM,2023-11-21,88.08,5,440.40,"""2023/11/21 11:08-5-88.09-buy-PHM""",2023-11-30,87.03,435.15,"""2023/11/21 11:08-5-88.09-buy-PHM~sell(2)""",9.97,-1.20,-5.25,0.00,90.08,91.07,87.09
20,TOL,2023-11-21,85.91,6,515.46,"""2023/11/21 11:08-6-85.91-buy-TOL""",2023-11-28,84.62,507.72,"""2023/11/21 11:08-6-85.91-buy-TOL~(sell 4)""",13.53,-1.51,-7.75,0.00,88.17,89.32,84.70
21,JPM,2023-11-21,153.53,3,460.59,"""2023/11/21 11:08-3-153.53-buy-JPM""",2023-12-01,157.27,471.81,"""2023/11/21 11:08-3-153.53-buy-JPM~(sell 1)""",11.13,2.43,11.22,0.00,157.24,159.11,151.64
22,BX,2023-11-21,105.80,4,423.20,"""2023/11/21 11:08-4-105.8-buy-BX""",2023-11-29,109.5,438.0,"""2023/11/21 11:08-4-105.8-buy-BX~(sell 15)""",14.16,3.49,14.8,0.00,109.34,111.11,104.03
23,CBAY,2023-11-21,18.87,27,509.49,"""2023/11/21 11:08-27-18.87-buy-CBAY""",2023-11-28,17.48,471.96,"""2023/11/21 11:08-27-18.87-buy-CBAY~(sell 6)""",68.31,-7.37,-37.54,0.00,21.40,22.66,17.62
24,ACN,2023-11-21,329.48,1,329.48,"""2023/11/21 11:08-1-329.58-buy-ACN""",2023-12-01,337.47,337.47,"""2023/11/21 11:08-1-329.58-buy-ACN~(sell 1)""",7.90,2.42,7.99,0.00,337.38,341.39,325.35
25,SPGI,2023-11-21,411.90,1,411.90,"""2023/11/21 11:08-1-411.9-buy-SPGI""",2023-12-01,422.33,422.33,"""2023/11/21 11:08-1-411.9-buy-SPGI~(sell 1)""",10.11,2.53,10.43,0.00,422.01,427.12,406.68
26,CAH,2023-11-22,105.88,2,211.76,"""2023/11/22 09:37-2-105.9-buy-CAH""",2023-12-14,101.77,203.54,"""2023/11/22 09:37-2-105.9-buy-CAH~market~(Market sell)""",13.24,-3.89,-8.22,0.00,112.50,115.84,102.48
27,DDOG,2023-11-22,112.65,2,225.30,"""2023/11/22 09:37-2-112.75-buy-DDOG""",2023-12-15,121.72,243.44,"""2023/11/22 09:37-2-112.75-buy-DDOG~(sell 1)""",17.77,8.04,18.13,0.00,121.54,125.82,108.68
28,URBN,2023-11-22,33.01,6,198.06,"""2023/11/22 09:37-6-33.07-buy-URBN""",2023-11-22,32.43,194.58,"""2023/11/22 09:37-6-33.07-buy-URBN ~sell 6""",-37.44,-1.76,-3.48,0.00,26.77,23.57,36.37
29,KKR,2023-11-22,68.64,3,205.92,"""2023/11/22 09:37-3-68.64-buy-KKR""",2023-11-29,72.79,218.37,"""2023/11/22 09:37-3-68.64-buy-KKR~(sell 16)""",12.39,6.04,12.45,0.00,72.77,74.85,66.53
30,SHOP,2023-11-22,71.26,3,213.78,"""2023/11/22 09:37-3-71.29-buy-SHOP""",2023-12-19,79.23,237.69,"""2023/11/22 09:37-3-71.29-buy-SHOP~(sell 1)""",23.83,11.17,23.9,0.00,79.20,83.15,67.37
31,ROST,2023-11-22,130.83,1,130.83,"""2023/11/22 09:37-1-130.84-buy-ROST""",2023-12-13,136.41,136.41,"""2023/11/22 09:37-1-130.84-buy-ROST~sell(2)""",5.50,4.25,5.57,0.00,136.33,139.13,127.94
32,RCL,2023-11-22,107.41,2,214.82,"""2023/11/22 09:37-2-107.43-buy-RCL""",2023-11-24,104.25,208.5,"""2023/11/22 09:37-2-107.43-buy-RCL~(sell 17)""",9.56,-2.95,-6.32,0.00,112.19,114.77,104.45
33,IRM,2023-11-22,63.59,3,190.77,"""2023/11/22 09:41-3-63.59-buy-IRM""",2023-12-13,67.34,202.02,"""2023/11/22 09:41-3-63.59-buy-IRM~(sell 1)""",11.14,5.89,11.25,0.00,67.30,69.22,61.57
34,APO,2023-11-22,88.98,2,177.96,"""2023/11/22 09:37-2-88.99-buy-APO""",2023-12-19,95.41,190.82,"""2023/11/22 09:37-2-88.99-buy-APO~(sell 1)""",12.84,7.22,12.85,0.00,95.40,98.59,85.83
35,DASH,2023-11-22,94.58,2,189.16,"""2023/11/22 09:37-2-94.68-buy-DASH""",2023-11-24,93.39,186.78,"""2023/11/22 09:37-2-94.68-buy-DASH~(sell 15)""",6.92,-1.26,-2.38,0.00,98.04,99.62,93.30
36,NTES,2023-11-22,117.05,1,117.05,"""2023/11/22 09:37-1-117.08-buy-NTES""",2023-11-24,112.86,112.86,"""2023/11/22 09:37-1-117.08-buy-NTES ~sell 5""",4.05,-3.58,-4.19,0.00,121.11,123.20,114.84
37,SHOP,2023-11-22,71.40,3,214.20,"""2023/11/22 09:42-3-71.48-buy-SHOP""",2023-12-19,79.52,238.56,"""2023/11/22 09:42-3-71.48-buy-SHOP~(sell 1)""",24.02,11.37,24.36,0.00,79.41,83.42,67.37
38,GDDY,2023-11-22,95.98,2,191.96,"""2023/11/22 09:41-2-96.06-buy-GDDY""",2023-12-06,104.53,209.06,"""2023/11/22 09:41-2-96.06-buy-GDDY~sell(5)""",16.14,8.90,17.09,0.00,104.05,108.17,91.69
39,AZEK,2023-11-22,31.51,7,220.57,"""2023/11/22 09:41-7-31.51-buy-AZEK""",2023-11-29,33.0,231.0,"""2023/11/22 09:41-7-31.51-buy-AZEK ~sell 5""",10.22,4.72,10.43,0.00,32.97,33.71,30.75
40,SKX,2023-11-22,55.18,4,220.72,"""2023/11/22 09:41-4-55.19-buy-SKX""",2023-12-13,61.25,245.0,"""2023/11/22 09:41-4-55.19-buy-SKX~sell(2)""",24.16,11.00,24.28,0.00,61.22,64.24,52.16
41,NVT,2023-11-22,54.46,4,217.84,"""2023/11/22 09:42-4-54.47-buy-NVT""",2023-11-28,52.55,210.2,"""2023/11/22 09:42-4-54.47-buy-NVT~(sell 7)""",14.71,-3.52,-7.65,0.00,58.14,60.00,52.55
42,KKR,2023-11-22,68.70,3,206.10,"""2023/11/22 09:42-3-68.7-buy-KKR""",2023-11-29,73.12,219.36,"""2023/11/22 09:42-3-68.7-buy-KKR~(sell 15)""",12.97,6.43,13.26,0.00,73.02,75.19,66.53
43,UBER,2023-11-22,55.47,4,221.88,"""2023/11/22 09:42-4-55.52-buy-UBER""",2023-12-04,59.68,238.72,"""2023/11/22 09:42-4-55.52-buy-UBER~sell(2)""",14.32,7.58,16.84,0.00,59.05,60.89,53.53
44,SKX,2023-11-22,55.21,4,220.84,"""2023/11/22 09:42-4-55.24-buy-SKX""",2023-12-11,60.94,243.76,"""2023/11/22 09:42-4-55.24-buy-SKX~(sell 1)""",22.90,10.37,22.91,0.00,60.94,63.86,52.16
45,UBER,2023-11-22,55.42,4,221.68,"""2023/11/22 09:41-4-55.45-buy-UBER""",2023-12-04,59.65,238.6,"""2023/11/22 09:41-4-55.45-buy-UBER~sell(2)""",14.46,7.62,16.91,0.00,59.04,60.87,53.53
46,NET,2023-11-22,74.37,3,223.11,"""2023/11/22 09:42-3-74.4-buy-NET""",2023-11-29,78.5,235.5,"""2023/11/22 09:42-3-74.4-buy-NET~(sell 10)""",12.12,5.54,12.38,0.00,78.41,80.52,72.08
47,APO,2023-11-22,88.97,2,177.94,"""2023/11/22 09:41-2-89.02-buy-APO""",2023-12-19,95.03,190.06,"""2023/11/22 09:41-2-89.02-buy-APO~(sell 1)""",12.11,6.81,12.12,0.00,95.02,98.09,85.83
48,UBER,2023-11-22,55.33,4,221.32,"""2023/11/22 09:37-4-55.35-buy-UBER""",2023-12-04,59.67,238.68,"""2023/11/22 09:37-4-55.35-buy-UBER~sell(2)""",14.87,7.84,17.36,0.00,59.05,60.89,53.53
49,NET,2023-11-22,74.17,3,222.51,"""2023/11/22 09:41-3-74.23-buy-NET""",2023-11-29,78.4,235.2,"""2023/11/22 09:41-3-74.23-buy-NET~(sell 18)""",12.58,5.69,12.68,0.00,78.37,80.46,72.08
50,KKR,2023-11-22,68.62,3,205.86,"""2023/11/22 09:41-3-68.66-buy-KKR""",2023-11-29,72.45,217.35,"""2023/11/22 09:41-3-68.66-buy-KKR~(sell 4)""",11.14,5.57,11.48,0.00,72.34,74.27,66.53
51,DASH,2023-11-22,94.63,2,189.26,"""2023/11/22 09:41-2-94.7-buy-DASH""",2023-11-24,93.39,186.78,"""2023/11/22 09:41-2-94.7-buy-DASH~(sell 15)""",3.76,-1.32,-2.48,0.00,96.51,97.58,93.30
52,NET,2023-11-22,74.11,3,222.33,"""2023/11/22 09:37-3-74.12-buy-NET""",2023-11-29,78.9,236.7,"""2023/11/22 09:37-3-74.12-buy-NET~(sell 6)""",14.25,6.45,14.36,0.00,78.86,81.12,72.08
53,SHOP,2023-11-22,71.20,3,213.60,"""2023/11/22 09:41-3-71.2-buy-SHOP""",2023-12-19,78.73,236.19,"""2023/11/22 09:41-3-71.2-buy-SHOP~(sell 1)""",22.17,10.57,22.59,0.00,78.59,82.33,67.37
54,XPO,2023-11-22,89.37,2,178.74,"""2023/11/22 09:41-2-89.37-buy-XPO""",2023-11-28,87.13,174.26,"""2023/11/22 09:41-2-89.37-buy-XPO~(sell 2)""",7.87,-2.52,-4.49,0.00,93.30,95.34,87.20
55,AZEK,2023-11-22,31.51,17,535.66,"""2023/11/22 09:43-17-31.52-buy-AZEK""",2023-11-29,33.0,561.0,"""2023/11/22 09:43-17-31.52-buy-AZEK ~sell 5""",24.31,4.73,25.34,0.00,32.94,33.67,30.75
56,SKX,2023-11-22,54.97,4,219.88,"""2023/11/22 09:37-4-54.98-buy-SKX""",2023-12-08,60.56,242.24,"""2023/11/22 09:37-4-54.98-buy-SKX~(sell 1)""",22.36,10.16,22.36,0.00,60.56,63.36,52.16
57,GE,2023-11-22,119.86,1,119.86,"""2023/11/22 09:37-1-119.88-buy-GE""",2023-11-22,120.42,120.42,"""2023/11/22 09:37-1-119.88-buy-GE~(sell 6)""",0.55,0.46,0.56,0.00,120.41,120.72,119.48
58,AKAM,2023-11-22,113.86,1,113.86,"""2023/11/22 09:37-1-113.86-buy-AKAM""",2023-12-14,118.03,118.03,"""2023/11/22 09:37-1-113.86-buy-AKAM~(sell 1)""",3.69,3.66,4.17,0.00,117.55,119.45,111.85
59,AZEK,2023-11-22,31.44,8,251.52,"""2023/11/22 09:42-8-31.46-buy-AZEK""",2023-11-29,32.91,263.27,"""2023/11/22 09:42-8-31.46-buy-AZEK ~sell 5""",10.80,4.66,11.74,0.00,32.79,33.47,30.75
60,CNM,2023-11-22,34.40,1,34.40,"""2023/11/22 09:42-1-34.4-buy-CNM""",2023-12-06,37.43,37.43,"""2023/11/22 09:42-1-34.4-buy-CNM~sell(2)""",2.04,8.80,3.03,0.00,36.45,37.48,33.36
61,AZEK,2023-11-22,31.39,7,219.73,"""2023/11/22 09:37-7-31.39-buy-AZEK""",2023-11-29,32.9,230.3,"""2023/11/22 09:37-7-31.39-buy-AZEK ~sell 5""",6.86,4.81,10.57,0.00,32.37,32.91,30.75
62,IRM,2023-11-22,63.47,4,253.88,"""2023/11/22 09:42-4-63.48-buy-IRM""",2023-12-13,67.05,268.2,"""2023/11/22 09:42-4-63.48-buy-IRM~(sell 1)""",14.12,5.63,14.31,0.00,67.00,68.81,61.57
63,CNM,2023-11-22,34.39,6,206.34,"""2023/11/22 09:41-6-34.4-buy-CNM""",2023-12-06,37.47,224.82,"""2023/11/22 09:41-6-34.4-buy-CNM~sell(2)""",12.54,8.95,18.47,0.00,36.48,37.52,33.36
64,IRM,2023-11-22,63.47,3,190.41,"""2023/11/22 09:37-3-63.49-buy-IRM""",2023-12-13,67.05,201.15,"""2023/11/22 09:37-3-63.49-buy-IRM~(sell 1)""",10.59,5.64,10.74,0.00,67.00,68.81,61.57
65,NVT,2023-11-22,54.26,4,217.04,"""2023/11/22 09:41-4-54.27-buy-NVT""",2023-11-28,52.55,210.2,"""2023/11/22 09:41-4-54.27-buy-NVT~(sell 7)""",12.96,-3.16,-6.85,0.00,57.50,59.15,52.55
66,GDDY,2023-11-22,95.14,2,190.28,"""2023/11/22 09:37-2-95.16-buy-GDDY""",2023-12-01,101.67,203.34,"""2023/11/22 09:37-2-95.16-buy-GDDY~(sell 1)""",13.05,6.86,13.06,0.00,101.67,104.99,91.69
67,APG,2023-11-22,29.55,7,206.85,"""2023/11/22 09:37-7-29.55-buy-APG""",2023-11-27,30.11,210.77,"""2023/11/22 09:37-7-29.55-buy-APG ~sell 3""",3.78,1.89,3.92,0.00,30.09,30.36,29.28
68,MPC,2023-11-29,150.69,1,150.69,"""2023/11/29 09:30-1-150.69-buy-MPC""",2023-11-29,148.02,148.02,"""2023/11/29 09:30-1-150.69-buy-MPC~(sell 17)""",4.88,-1.78,-2.67,0.00,155.58,158.10,148.02
69,SNOW,2023-11-29,176.79,6,1060.74,"""2023/11/29 12:30-6-176.84-buy-SNOW""",2023-12-11,195.7,1174.2,"""2023/11/29 12:30-6-176.84-buy-SNOW~(sell 1)""",111.99,10.69,113.46,0.00,195.45,204.85,167.27
70,ZS,2023-11-29,203.36,6,1220.16,"""2023/11/29 12:30-6-203.4-buy-ZS""",2024-01-02,212.52,1275.11,"""2023/11/29 12:30-6-203.4-buy-ZS~market~(Market sell)""",267.77,4.50,54.94,0.00,247.99,270.36,180.88
71,TEAM,2023-11-29,198.46,6,1190.76,"""2023/11/29 12:30-6-198.47-buy-TEAM""",2023-12-27,243.77,1462.62,"""2023/11/29 12:30-6-198.47-buy-TEAM~(sell 7)""",244.77,22.82,271.85,0.00,239.26,259.71,177.89
72,WDAY,2023-11-29,268.08,4,1072.32,"""2023/11/29 12:30-4-268.08-buy-WDAY""",2024-01-02,266.2,1064.8,"""2023/11/29 12:30-4-268.08-buy-WDAY~market~(Market sell)""",269.32,-0.71,-7.52,0.00,335.41,369.22,233.98
73,INTU,2023-11-29,584.82,2,1169.64,"""2023/11/29 12:30-2-584.84-buy-INTU""",2024-01-02,602.18,1204.35,"""2023/11/29 12:30-2-584.84-buy-INTU~market~(Market sell)""",113.40,2.96,34.7,0.00,641.52,669.84,556.58
74,NET,2023-11-20,73.37,3,220.11,"""2023/11/20 09:50-3-73.37-buy-NET""",2023-11-29,78.4,235.2,"""2023/11/20 09:50-1-73.37-buy-NET~(sell 1)""",15.00,6.85,15.09,0.00,81.62,85.72,69.32
75,SNOW,2023-11-30,188.00,1,188.00,"""2023/11/30 09:30-1-188.0-buy-SNOW""",2024-01-02,189.15,189.15,"""2023/11/30 09:30-1-188.0-buy-SNOW~market~(Market sell)""",45.51,0.61,1.15,0.00,233.51,255.59,167.27
76,TEAM,2023-11-30,196.84,1,196.84,"""2023/11/30 09:30-1-197.0-buy-TEAM""",2023-12-19,233.42,233.42,"""2023/11/30 09:30-1-197.0-buy-TEAM~sell(4)""",36.36,18.57,36.57,0.00,233.21,251.65,177.89
77,ZS,2023-11-30,200.00,1,200.00,"""2023/11/30 09:30-1-200.04-buy-ZS""",2024-01-02,212.52,212.52,"""2023/11/30 09:30-1-200.04-buy-ZS~market~(Market sell)""",37.79,6.26,12.52,0.00,237.79,256.76,180.88
78,IBM,2023-11-30,158.00,1,158.00,"""2023/11/30 10:32-1-157.995-buy-IBM-asDay""",2023-12-01,159.12,159.12,"""2023/11/30 10:32-1-157.995-buy-IBM-asDay~sell(2)""",1.10,0.70,1.12,0.00,159.10,159.67,157.39
79,AZEK,2023-11-30,34.09,100,3409.00,"""2023/11/30 12:30-100-34.09-buy-AZEK""",2024-01-02,37.15,3715.0,"""2023/11/30 12:30-100-34.09-buy-AZEK~market~(Market sell)""",597.40,8.97,306.0,0.00,40.06,43.05,31.10
80,AZEK,2023-12-01,35.13,29,1018.77,"""2023/12/01 12:30-29-35.13-buy-AZEK""",2024-01-02,37.15,1077.34,"""2023/12/01 12:30-29-35.13-buy-AZEK~(sell 1)""",232.00,5.74,58.56,0.00,43.13,47.14,31.10
81,AZEK,2023-12-04,35.17,39,1371.63,"""2023/12/04 09:30-39-35.33-buy-AZEK""",2024-01-02,37.15,1448.85,"""2023/12/04 09:30-39-35.33-buy-AZEK~(sell 1)""",156.78,5.62,77.21,0.00,39.19,41.28,32.92
82,CVNA,2023-12-04,41.60,80,3328.00,"""2023/12/04 12:30-80-41.62-buy-CVNA""",2024-01-02,49.64,3971.2,"""2023/12/04 12:30-80-41.62-buy-CVNA~(sell 1)""",2096.80,19.32,643.19,0.00,67.81,80.77,28.93
83,METC,2023-12-06,17.91,163,2919.33,"""2023/12/06 12:30-163-17.92-buy-METC""",2023-12-11,16.07,2619.41,"""2023/12/06 12:30-163-17.92-buy-METC~market~(Market sell)""",402.61,-10.28,-299.93,0.00,20.38,21.62,16.66
84,SIG,2023-12-06,95.31,30,2859.30,"""2023/12/06 12:30-30-95.31-buy-SIG""",2024-01-04,98.62,2958.6,"""2023/12/06 12:30-30-95.31-buy-SIG~market~(Market sell)""",885.00,3.47,99.29,0.00,124.81,139.49,80.78
85,SFM,2023-12-07,45.99,60,2759.40,"""2023/12/07 12:30-60-45.99-buy-SFM""",2024-01-02,48.88,2932.8,"""2023/12/07 12:30-60-45.99-buy-SFM~market~(Market sell)""",175.20,6.28,173.4,0.00,48.91,50.37,44.53
86,DASH,2023-12-11,102.11,2,204.22,"""2023/12/11 09:30-2-102.23-buy-DASH""",2024-01-02,96.21,192.42,"""2023/12/11 09:30-2-102.23-buy-DASH~market~(Market sell)""",24.84,-5.79,-11.81,0.00,114.53,120.89,95.45
87,SNAP,2023-12-13,15.96,140,2234.40,"""2023/12/13 12:30-140-15.96-buy-SNAP""",2023-12-14,17.19,2406.6,"""2023/12/13 12:30-140-15.96-buy-SNAP~(sell 1)""",170.80,7.70,172.19,0.00,17.18,17.79,15.35
88,INSM,2023-12-13,27.84,80,2227.19,"""2023/12/13 12:30-80-27.85-buy-INSM""",2023-12-26,30.64,2451.19,"""2023/12/13 12:30-80-27.85-buy-INSM~(sell 1)""",199.21,10.05,224.0,0.00,30.33,31.58,26.58
89,INSM,2023-12-14,28.91,13,375.83,"""2023/12/14 09:30-13-28.96-buy-INSM""",2024-01-04,28.67,372.71,"""2023/12/14 09:30-13-28.96-buy-INSM~market~(Market sell)""",61.75,-0.84,-3.13,0.00,33.66,36.02,26.58
90,SNAP,2023-12-14,16.69,23,383.87,"""2023/12/14 09:30-23-16.69-buy-SNAP""",2024-01-02,16.13,370.99,"""2023/12/14 09:30-23-16.69-buy-SNAP~(sell 1)""",63.02,-3.36,-12.88,0.00,19.43,20.79,15.35
91,PPG,2023-12-14,149.91,9,1349.19,"""2023/12/14 12:30-9-149.91-buy-PPG""",2024-01-03,145.91,1313.19,"""2023/12/14 12:30-9-149.91-buy-PPG~market~(Market sell)""",89.10,-2.67,-36.0,0.00,159.81,164.79,144.87
92,W,2023-12-14,64.00,21,1344.00,"""2023/12/14 12:30-21-64.0-buy-W""",2024-01-02,60.36,1267.56,"""2023/12/14 12:30-21-64.0-buy-W~(sell 1)""",634.41,-5.69,-76.45,0.00,94.21,109.27,49.03
93,TSLA,2023-12-14,252.26,5,1261.30,"""2023/12/14 12:30-5-252.28-buy-TSLA""",2024-01-02,248.96,1244.8,"""2023/12/14 12:30-5-252.28-buy-TSLA~market~(Market sell)""",258.51,-1.31,-16.5,0.00,303.96,329.82,226.39
94,FDX,2023-12-14,281.27,4,1125.08,"""2023/12/14 12:30-4-281.29-buy-FDX""",2023-12-27,252.75,1011.0,"""2023/12/14 12:30-4-281.29-buy-FDX~market-1~(Market sell)""",106.20,-10.14,-114.08,0.00,307.82,321.22,267.62
95,W,2023-12-15,65.02,2,130.04,"""2023/12/15 09:30-2-65.15-buy-W""",2024-01-02,60.36,120.72,"""2023/12/15 09:30-2-65.15-buy-W~(sell 1)""",57.99,-7.17,-9.32,0.00,94.01,108.52,50.50
96,THC,2023-12-15,77.16,2,154.32,"""2023/12/15 09:30-2-77.3-buy-THC""",2024-01-02,75.18,150.36,"""2023/12/15 09:30-2-77.3-buy-THC~market~(Market sell)""",23.95,-2.57,-3.96,0.00,89.13,95.28,70.70
97,WRK,2023-12-15,43.05,4,172.20,"""2023/12/15 09:30-4-43.05-buy-WRK""",2024-01-02,41.51,166.04,"""2023/12/15 09:30-4-43.05-buy-WRK~(sell 1)""",20.30,-3.58,-6.16,0.00,48.13,50.67,40.49
98,TWLO,2023-12-19,77.51,4,310.04,"""2023/12/19 12:30-4-77.53-buy-TWLO""",2024-01-02,73.93,295.72,"""2023/12/19 12:30-4-77.53-buy-TWLO~market~(Market sell)""",23.22,-4.62,-14.32,0.00,83.32,86.16,74.78
99,UPST,2023-12-19,46.86,7,328.02,"""2023/12/19 12:30-7-46.87-buy-UPST""",2023-12-29,40.14,280.98,"""2023/12/19 12:30-7-46.87-buy-UPST~(sell 1)""",62.93,-14.35,-47.04,0.00,55.85,60.26,42.62
100,CARG,2023-12-19,24.24,15,363.60,"""2023/12/19 12:30-15-24.24-buy-CARG""",2024-01-02,23.59,353.85,"""2023/12/19 12:30-15-24.24-buy-CARG~market~(Market sell)""",31.35,-2.69,-9.75,0.00,26.33,27.37,23.21
101,COIN,2023-12-19,157.26,2,314.52,"""2023/12/19 12:30-2-157.3-buy-COIN""",2024-01-03,151.99,303.98,"""2023/12/19 12:30-2-157.3-buy-COIN~market~(Market sell)""",59.94,-3.36,-10.54,0.00,187.23,202.19,142.35
102,CCK,2023-12-28,93.59,18,1684.62,"""2023/12/28 09:30-18-94.46-buy-CCK""",2024-01-02,91.74,1651.32,"""2023/12/28 09:30-18-94.46-buy-CCK~sell(3)""",46.26,-1.98,-33.3,0.00,96.16,97.73,91.45
103,SMAR,2023-12-28,48.35,36,1740.60,"""2023/12/28 09:30-36-48.42-buy-SMAR""",2024-01-02,46.8,1684.8,"""2023/12/28 09:30-36-48.42-buy-SMAR~market~(Market sell)""",78.84,-3.21,-55.8,0.00,50.54,51.70,47.06
104,AIG,2024-01-03,68.98,290,20004.20,"""2024/01/03 12:30-290-68.98-buy-AIG""",2024-01-09,67.38,19540.2,"""2024/01/03 12:30-290-68.98-buy-AIG~market~(Market sell)""",1084.59,-2.32,-464.0,0.00,72.72,74.59,67.11
105,CYTK,2024-01-05,87.99,85,7479.15,"""2024/01/05 09:30-85-88.12-buy-CYTK""",2024-01-08,103.83,8825.54,"""2024/01/05 09:30-85-88.12-buy-CYTK~(sell 1)""",1114.34,18.00,1346.39,0.00,101.10,107.70,81.30
106,AMAM,2024-01-08,27.27,34,927.18,"""2024/01/08 12:30-34-27.27-buy-AMAM""",2024-01-19,27.56,937.04,"""2024/01/08 12:30-34-27.27-buy-AMAM~market~(Market sell)""",1002.15,1.06,9.86,0.00,56.75,71.48,12.54
107,ADP,2024-01-08,235.89,4,943.56,"""2024/01/08 12:30-4-235.89-buy-ADP""",2024-01-12,237.13,948.52,"""2024/01/08 12:30-4-235.89-buy-ADP~market~(Market sell)""",30.38,0.52,4.96,0.00,243.49,247.31,232.01
108,FI,2024-01-17,137.44,79,10857.76,"""2024/01/17 11:14-79-137.49-buy-FI""",2024-01-17,137.36,10851.44,"""2024/01/17 11:14-79-137.49-buy-FI~market~(Market sell)""",281.24,-0.06,-6.32,0.00,141.00,142.74,135.78
109,FI,2024-01-17,137.50,49,6737.50,"""2024/01/17 11:24-49-137.5-buy-FI-1""",2024-01-17,137.36,6730.64,"""2024/01/17 11:24-49-137.5-buy-FI-1~market~(Market sell)""",168.56,-0.11,-6.86,0.00,140.94,142.66,135.78
110,FI,2024-01-17,137.50,49,6737.50,"""2024/01/17 11:24-49-137.5-buy-FI-0""",2024-01-17,137.36,6730.64,"""2024/01/17 11:24-49-137.5-buy-FI-0~market~(Market sell)""",168.56,-0.11,-6.86,0.00,140.94,142.66,135.78
111,FI,2024-01-17,136.57,79,10789.03,"""2024/01/17 12:30-79-136.59-buy-FI""",2024-01-17,136.58,10789.82,"""2024/01/17 12:30-79-136.59-buy-FI~market~(Market sell)""",128.37,0.00,0.78,0.00,138.20,139.00,135.78
112,FI,2024-01-18,137.52,158,21728.16,"""2024/01/18 09:30-158-137.55-buy-FI""",2024-01-23,140.76,22240.08,"""2024/01/18 09:30-158-137.55-buy-FI~(sell 1)""",505.99,2.35,511.92,0.00,140.72,142.37,135.78
113,CRM,2024-01-18,273.61,10,2736.10,"""2024/01/18 12:30-10-273.64-buy-CRM""",2024-02-09,294.89,2948.9,"""2024/01/18 12:30-10-273.64-buy-CRM~sell(2)""",212.80,7.77,212.8,0.00,294.89,305.53,262.97
114,WM,2024-01-18,182.33,15,2734.95,"""2024/01/18 12:30-15-182.34-buy-WM""",2024-01-31,187.6,2814.0,"""2024/01/18 12:30-15-182.34-buy-WM~(sell 1)""",75.30,2.89,79.05,0.00,187.35,189.91,179.67
115,CRM,2024-01-19,276.33,5,1381.69,"""2024/01/19 09:30-5-277.66-buy-CRM""",2024-02-14,288.04,1440.2,"""2024/01/19 09:30-5-277.66-buy-CRM~(sell 1)""",129.36,4.23,58.5,0.00,302.21,315.29,262.97
116,BK,2024-01-22,55.11,19,1047.08,"""2024/01/22 12:30-19-55.12-buy-BK""",2024-02-05,55.23,1049.36,"""2024/01/22 12:30-19-55.12-buy-BK~market~(Market sell)""",35.35,0.21,2.27,0.00,56.97,57.91,54.15
117,STNG,2024-01-24,69.79,79,5513.41,"""2024/01/24 12:30-79-69.81-buy-STNG""",2024-02-01,64.59,5102.6,"""2024/01/24 12:30-79-69.81-buy-STNG~(sell 1)""",805.80,-7.46,-410.81,0.00,79.99,85.12,64.60
118,SPOT,2024-01-24,213.09,25,5327.25,"""2024/01/24 12:30-25-213.1-buy-SPOT""",2024-02-06,241.8,6045.0,"""2024/01/24 12:30-25-213.1-buy-SPOT~(sell 1)""",446.75,13.47,717.75,0.00,230.96,239.90,204.14
119,SMCI,2024-01-24,486.19,11,5348.09,"""2024/01/24 12:30-11-486.73-buy-SMCI""",2024-02-02,579.15,6370.65,"""2024/01/24 12:30-11-486.73-buy-SMCI~(sell 1)""",1618.09,19.11,1022.55,0.00,633.29,707.62,410.29
120,STNG,2024-01-25,69.88,63,4402.43,"""2024/01/25 09:30-63-70.3-buy-STNG""",2024-02-01,64.59,4069.17,"""2024/01/25 09:30-63-70.3-buy-STNG~(sell 1)""",645.44,-7.58,-333.27,0.00,80.13,85.30,64.60
121,VERA,2024-02-01,38.74,82,3176.68,"""2024/02/01 12:30-82-38.74-buy-VERA""",2024-02-09,42.04,3447.28,"""2024/02/01 12:30-82-38.74-buy-VERA~(sell 1)""",850.78,8.51,270.6,0.00,49.12,54.35,33.42
122,GGAL,2024-02-02,21.56,191,4117.96,"""2024/02/02 09:31-191-21.56-buy-GGAL""",2024-02-05,20.93,3997.63,"""2024/02/02 09:31-191-21.56-buy-GGAL~market~(Market sell)""",182.40,-2.93,-120.33,0.00,22.52,23.01,21.03
123,VERA,2024-02-02,38.68,118,4564.24,"""2024/02/02 12:30-118-38.68-buy-VERA""",2024-02-09,42.04,4960.72,"""2024/02/02 12:30-118-38.68-buy-VERA~(sell 1)""",1232.51,8.68,396.48,0.00,49.13,54.36,33.42
124,GGAL,2024-02-02,21.82,209,4560.38,"""2024/02/02 12:30-209-21.84-buy-GGAL""",2024-02-05,20.93,4374.37,"""2024/02/02 12:30-209-21.84-buy-GGAL~market~(Market sell)""",303.05,-4.08,-186.02,0.00,23.27,24.02,21.02
125,AXP,2024-02-05,204.67,5,1023.34,"""2024/02/05 09:31-5-204.67-buy-AXP""",2024-02-14,209.68,1048.4,"""2024/02/05 09:31-5-204.67-buy-AXP~(sell 1)""",53.21,2.44,25.06,0.00,215.31,220.63,199.35
126,ADP,2024-02-05,247.58,4,990.32,"""2024/02/05 09:31-4-247.59-buy-ADP""",2024-02-29,250.39,1001.56,"""2024/02/05 09:31-4-247.59-buy-ADP~(sell 1)""",53.24,1.13,11.23,0.00,260.89,267.46,241.18
127,VLO,2024-02-06,139.82,21,2936.22,"""2024/02/06 12:30-21-139.82-buy-VLO""",2024-02-06,138.51,2908.71,"""2024/02/06 12:30-21-139.82-buy-VLO~market~(Market sell)""",190.47,-0.94,-27.51,0.00,148.89,153.52,135.00
128,PSX,2024-02-06,147.77,20,2955.40,"""2024/02/06 12:30-20-147.78-buy-PSX""",2024-02-12,145.8,2916.0,"""2024/02/06 12:30-20-147.78-buy-PSX~market~(Market sell)""",170.60,-1.34,-39.41,0.00,156.30,160.73,143.01
129,PBF,2024-02-06,51.49,58,2986.42,"""2024/02/06 12:30-58-51.5-buy-PBF""",2024-02-07,50.35,2920.3,"""2024/02/06 12:30-58-51.5-buy-PBF~market~(Market sell)""",401.36,-2.22,-66.12,0.00,58.41,61.84,48.12
130,MPC,2024-02-06,169.83,17,2887.11,"""2024/02/06 12:30-17-169.84-buy-MPC""",2024-03-13,184.91,3143.47,"""2024/02/06 12:30-17-169.84-buy-MPC~(sell 1)""",246.92,8.87,256.35,0.00,184.35,191.37,163.30
131,BRO,2024-02-07,78.98,32,2527.36,"""2024/02/07 12:30-32-79.02-buy-BRO""",2024-02-14,81.77,2616.64,"""2024/02/07 12:30-32-79.02-buy-BRO~(sell 1)""",109.44,3.53,89.27,0.00,82.40,84.10,77.30
132,IR,2024-02-07,84.56,30,2536.80,"""2024/02/07 12:30-30-84.56-buy-IR""",2024-02-14,86.43,2592.9,"""2024/02/07 12:30-30-84.56-buy-IR~(sell 1)""",149.40,2.21,56.09,0.00,89.54,92.04,82.04
133,MA,2024-02-07,461.21,5,2306.04,"""2024/02/07 12:30-5-461.21-buy-MA""",2024-02-13,456.01,2280.05,"""2024/02/07 12:30-5-461.21-buy-MA~market~(Market sell)""",65.16,-1.13,-25.99,0.00,474.24,480.79,454.59
134,EYPT,2024-02-08,29.90,24,717.59,"""2024/02/08 09:31-24-29.9-buy-EYPT""",2024-02-13,27.19,652.55,"""2024/02/08 09:31-24-29.9-buy-EYPT~market~(Market sell)""",129.13,-9.07,-65.05,0.00,35.28,37.97,27.21
135,IR,2024-02-08,84.71,8,677.68,"""2024/02/08 09:31-8-84.72-buy-IR""",2024-02-16,91.91,735.28,"""2024/02/08 09:31-8-84.72-buy-IR~(sell 1)""",43.44,8.49,57.6,0.00,90.14,92.84,82.04
136,PWR,2024-02-08,208.88,3,626.64,"""2024/02/08 09:31-3-208.9-buy-PWR""",2024-02-22,227.84,683.52,"""2024/02/08 09:31-3-208.9-buy-PWR~(sell 1)""",56.35,9.07,56.88,0.00,227.67,237.11,199.33
137,VRNS,2024-02-12,51.60,24,1238.40,"""2024/02/12 09:31-24-51.64-buy-VRNS""",2024-02-21,45.56,1093.44,"""2024/02/12 09:31-24-51.64-buy-VRNS~market~(Market sell)""",206.40,-11.71,-144.97,0.00,60.20,64.57,47.09
138,RPD,2024-02-12,61.77,20,1235.40,"""2024/02/12 09:31-20-61.79-buy-RPD""",2024-03-13,52.68,1053.59,"""2024/02/12 09:31-20-61.79-buy-RPD~(sell 1)""",359.50,-14.72,-181.82,0.00,79.75,88.77,52.67
139,HIG,2024-02-12,91.49,129,11802.21,"""2024/02/12 12:30-129-91.5-buy-HIG""",2024-03-06,96.73,12478.17,"""2024/02/12 12:30-129-91.5-buy-HIG~(sell 1)""",673.38,5.72,675.96,0.00,96.71,99.30,88.94
140,APO,2024-02-14,112.25,4,449.00,"""2024/02/14 13:50-4-112.25-buy-APO""",2024-02-29,110.52,442.08,"""2024/02/14 13:50-4-112.25-buy-APO~(sell 1)""",47.72,-1.55,-6.93,0.00,124.18,130.15,106.27
141,WCN,2024-02-15,164.12,6,984.72,"""2024/02/15 09:31-6-164.18-buy-WCN""",2024-03-18,172.24,1033.44,"""2024/02/15 09:31-6-164.18-buy-WCN~(sell 1)""",140.55,4.94,48.72,0.00,187.54,199.28,152.34
142,LLY,2024-02-15,754.99,1,754.99,"""2024/02/15 09:31-1-755.17-buy-LLY""",2024-02-29,753.64,753.64,"""2024/02/15 09:31-1-755.17-buy-LLY~(sell 1)""",47.49,-0.19,-1.36,0.00,802.48,827.22,728.26
143,LBRT,2024-02-20,20.86,432,9011.52,"""2024/02/20 09:31-432-20.86-buy-LBRT""",2024-04-04,22.84,9866.87,"""2024/02/20 09:31-432-20.86-buy-LBRT~(sell 1)""",1222.56,9.49,855.35,0.00,23.69,25.12,19.40
144,LDOS,2024-02-22,124.66,2,249.32,"""2024/02/22 12:30-2-124.66-buy-LDOS""",2024-02-29,127.02,254.04,"""2024/02/22 12:30-2-124.66-buy-LDOS~(sell 1)""",8.42,1.88,4.71,0.00,128.87,131.01,122.45
145,FIS,2024-02-22,64.34,4,257.36,"""2024/02/22 12:30-4-64.34-buy-FIS""",2024-02-29,68.36,273.44,"""2024/02/22 12:30-4-64.34-buy-FIS~(sell 1)""",18.96,6.24,16.07,0.00,69.08,71.45,61.97
146,GE,2024-02-22,151.79,2,303.58,"""2024/02/22 12:30-2-151.79-buy-GE""",2024-02-29,156.01,312.02,"""2024/02/22 12:30-2-151.79-buy-GE~(sell 1)""",17.44,2.77,8.43,0.00,160.51,164.88,147.41
147,APH,2024-02-22,106.10,2,212.20,"""2024/02/22 12:30-2-106.12-buy-APH""",2024-02-29,108.85,217.7,"""2024/02/22 12:30-2-106.12-buy-APH~(sell 1)""",8.14,2.59,5.5,0.00,110.17,112.21,104.06
148,SUM,2024-02-22,41.89,7,293.23,"""2024/02/22 12:30-7-41.91-buy-SUM""",2024-02-29,42.87,300.08,"""2024/02/22 12:30-7-41.91-buy-SUM~(sell 1)""",36.47,2.33,6.84,0.00,47.10,49.71,39.27
149,HLT,2024-02-22,203.09,1,203.09,"""2024/02/22 12:30-1-203.09-buy-HLT""",2024-02-29,204.04,204.04,"""2024/02/22 12:30-1-203.09-buy-HLT~(sell 1)""",13.41,0.46,0.94,0.00,216.50,223.24,196.28
150,ABBV,2024-02-23,177.64,2,355.28,"""2024/02/23 12:30-2-177.65-buy-ABBV""",2024-04-04,172.16,344.32,"""2024/02/23 12:30-2-177.65-buy-ABBV~market~(Market sell)""",20.46,-3.09,-10.96,0.00,187.87,192.99,172.51
151,PSTG,2024-02-29,51.53,8,412.24,"""2024/02/29 12:30-8-51.53-buy-PSTG""",2024-03-28,52.79,422.32,"""2024/02/29 12:30-8-51.53-buy-PSTG~(sell 1)""",171.76,2.44,10.07,0.00,73.00,83.76,40.72
152,BALL,2024-02-29,63.69,6,382.14,"""2024/02/29 11:00-6-63.69-buy-BALL""",2024-05-10,69.03,414.18,"""2024/02/29 11:00-6-63.69-buy-BALL ~(sell 1)""",20.64,8.38,32.04,0.00,67.13,68.84,61.99
153,STX,2024-02-29,92.95,4,371.80,"""2024/02/29 11:35-4-92.95-buy-STX""",2024-03-04,99.55,398.2,"""2024/02/29 11:35-4-92.95-buy-STX~sell(2)""",26.32,7.09,26.39,0.00,99.53,102.69,89.70
154,CAH,2024-03-01,113.85,3,341.54,"""2024/03/01 09:31-3-113.97-buy-CAH""",2024-03-08,114.48,343.44,"""2024/03/01 09:31-3-113.97-buy-CAH~(sell 1)""",29.95,0.55,1.89,0.00,123.83,128.82,108.86
155,STX,2024-03-01,95.25,4,381.00,"""2024/03/01 09:31-4-95.33-buy-STX""",2024-03-13,89.38,357.52,"""2024/03/01 09:31-4-95.33-buy-STX~(sell 1)""",46.86,-6.17,-23.49,0.00,106.97,112.79,89.49
156,CRH,2024-03-01,84.02,5,420.10,"""2024/03/01 09:31-5-84.03-buy-CRH""",2024-03-28,86.43,432.15,"""2024/03/01 09:31-5-84.03-buy-CRH~(sell 1)""",61.40,2.86,12.04,0.00,96.30,102.44,77.88
157,GM,2024-03-01,40.96,10,409.60,"""2024/03/01 09:31-10-40.97-buy-GM""",2024-03-07,39.72,397.2,"""2024/03/01 09:31-10-40.97-buy-GM~(sell 1)""",16.60,-3.03,-12.41,0.00,42.62,43.58,39.74
158,APH,2024-03-01,109.00,3,327.00,"""2024/03/01 09:30-3-109.00-buy-APH""",2024-03-04,112.25,336.75,"""2024/03/01 09:30-3-109.00-buy-APH~(sell 1)""",9.54,2.98,9.75,0.00,112.18,113.71,107.41
159,BALL,2024-03-01,64.08,5,320.39,"""2024/03/01 12:30-5-64.08-buy-BALL""",2024-03-08,65.69,328.45,"""2024/03/01 12:30-5-64.08-buy-BALL~(sell 1)""",19.06,2.51,8.06,0.00,67.89,69.85,62.02
160,PSTG,2024-03-01,55.47,6,332.82,"""2024/03/01 12:30-6-55.47-buy-PSTG""",2024-05-15,57.97,347.82,"""2024/03/01 12:30-6-55.47-buy-PSTG~(sell 1)""",179.34,4.50,15.0,0.00,85.36,100.24,40.72
161,GNTX,2024-03-05,36.92,5,184.60,"""2024/03/05 09:31-5-36.92-buy-GNTX""",2024-03-08,37.0,185.0,"""2024/03/05 09:31-5-36.92-buy-GNTX~(sell 1)""",5.80,0.21,0.4,0.00,38.08,38.66,36.34
162,BHVN,2024-03-05,56.93,3,170.79,"""2024/03/05 09:31-3-57.0-buy-BHVN""",2024-04-15,44.55,133.65,"""2024/03/05 09:31-3-57.0-buy-BHVN~market~(Market sell)""",67.29,-21.75,-37.14,0.00,79.36,90.67,45.43
163,THC,2024-03-06,97.63,60,5857.79,"""2024/03/06 12:30-60-97.64-buy-THC""",2024-03-18,99.75,5985.0,"""2024/03/06 12:30-60-97.64-buy-THC~(sell 1)""",601.80,2.17,127.21,0.00,107.66,112.68,92.60
164,FIS,2024-03-06,70.39,84,5912.76,"""2024/03/06 12:30-84-70.39-buy-FIS""",2024-03-07,69.01,5796.84,"""2024/03/06 12:30-84-70.39-buy-FIS~(sell 1)""",226.80,-1.97,-115.93,0.00,73.09,74.44,69.04
165,BAND,2024-03-07,19.91,160,3185.60,"""2024/03/07 12:30-160-19.91-buy-BAND""",2024-04-02,17.14,2742.4,"""2024/03/07 12:30-160-19.91-buy-BAND~market~(Market sell)""",810.40,-13.92,-443.2,0.00,24.98,27.52,17.34
166,GEHC,2024-03-07,92.33,34,3139.22,"""2024/03/07 12:30-34-92.33-buy-GEHC""",2024-03-13,87.02,2958.68,"""2024/03/07 12:30-34-92.33-buy-GEHC~market~(Market sell)""",80.75,-5.76,-180.54,0.00,94.71,95.92,91.06
167,BAND,2024-03-08,20.34,3,61.02,"""2024/03/08 09:31-3-20.34-buy-BAND""",2024-03-08,20.59,61.77,"""2024/03/08 09:31-3-20.34-buy-BAND~(sell 1)""",13.50,1.22,0.75,0.00,24.84,27.09,18.09
168,SPR,2024-03-11,35.20,35,1232.00,"""2024/03/11 09:31-35-35.21-buy-SPR""",2024-03-11,34.61,1211.34,"""2024/03/11 09:31-35-35.21-buy-SPR~(sell 1)""",40.42,-1.68,-20.67,0.00,36.35,36.93,34.63
169,AIG,2024-03-12,75.42,2,150.84,"""2024/03/12 12:30-2-75.44-buy-AIG""",2024-03-27,77.73,155.46,"""2024/03/12 12:30-2-75.44-buy-AIG~(sell 1)""",6.09,3.06,4.62,0.00,78.47,79.99,73.89
170,UBS,2024-03-12,31.56,6,189.36,"""2024/03/12 12:30-6-31.56-buy-UBS""",2024-03-28,30.55,183.3,"""2024/03/12 12:30-6-31.56-buy-UBS~(sell 1)""",11.91,-3.21,-6.07,0.00,33.54,34.54,30.56
171,PRU,2024-03-12,111.45,1,111.45,"""2024/03/12 12:30-1-111.46-buy-PRU""",2024-03-20,114.29,114.29,"""2024/03/12 12:30-1-111.46-buy-PRU~(sell 1)""",2.80,2.54,2.84,0.00,114.26,115.68,109.98
172,BAC,2024-03-12,36.04,5,180.25,"""2024/03/12 12:30-5-36.06-buy-BAC""",2024-03-27,37.47,187.35,"""2024/03/12 12:30-5-36.06-buy-BAC~(sell 1)""",8.77,3.93,7.09,0.00,37.81,38.68,35.18
173,COF,2024-03-12,139.47,1,139.47,"""2024/03/12 12:30-1-139.47-buy-COF""",2024-03-15,135.49,135.49,"""2024/03/12 12:30-1-139.47-buy-COF~(sell 1)""",7.98,-2.86,-3.98,0.00,147.45,151.41,135.57
174,DFS,2024-03-12,123.48,1,123.48,"""2024/03/12 12:30-1-123.49-buy-DFS""",2024-03-15,120.19,120.19,"""2024/03/12 12:30-1-123.49-buy-DFS~(sell 1)""",6.43,-2.68,-3.3,0.00,129.91,133.14,120.22
175,TOL,2024-03-13,124.16,21,2607.36,"""2024/03/13 12:30-21-124.16-buy-TOL""",2024-03-14,117.48,2467.08,"""2024/03/13 12:30-21-124.16-buy-TOL~(sell 1)""",273.20,-5.39,-140.29,0.00,137.17,143.69,117.61
176,NRG,2024-03-13,62.98,42,2645.16,"""2024/03/13 12:30-42-62.98-buy-NRG""",2024-03-18,65.04,2731.68,"""2024/03/13 12:30-42-62.98-buy-NRG~(sell 1)""",252.00,3.27,86.51,0.00,68.98,72.00,59.92
177,DHI,2024-03-13,156.16,17,2654.89,"""2024/03/13 12:30-17-156.18-buy-DHI""",2024-03-14,150.94,2565.98,"""2024/03/13 12:30-17-156.18-buy-DHI~(sell 1)""",172.48,-3.35,-88.91,0.00,166.32,171.43,150.98
178,BAC,2024-03-13,36.04,9,324.36,"""2024/03/13 09:31-9-36.04-buy-BAC""",2024-03-14,35.72,321.48,"""2024/03/13 09:31-9-36.04-buy-BAC~(sell 1)""",5.35,-0.89,-2.88,0.00,36.63,36.94,35.72
179,ECL,2024-03-18,229.33,4,917.32,"""2024/03/18 12:30-4-229.38-buy-ECL""",2024-03-28,231.12,924.48,"""2024/03/18 12:30-4-229.38-buy-ECL~(sell 1)""",58.72,0.77,7.15,0.00,244.01,251.36,221.96
180,CSGP,2024-03-18,97.32,9,875.87,"""2024/03/18 12:30-9-97.33-buy-CSGP""",2024-04-16,86.28,776.52,"""2024/03/18 12:30-9-97.33-buy-CSGP~sell(2)""",201.16,-11.35,-99.36,0.00,119.67,130.80,86.28
181,MNMD,2024-03-18,9.72,95,923.40,"""2024/03/18 12:30-95-9.74-buy-MNMD""",2024-03-28,9.88,938.6,"""2024/03/18 12:30-95-9.74-buy-MNMD~(sell 1)""",370.97,1.64,15.2,0.00,13.63,15.56,7.82
182,AFL,2024-03-18,85.04,10,850.40,"""2024/03/18 12:30-10-85.04-buy-AFL""",2024-04-11,82.21,822.1,"""2024/03/18 12:30-10-85.04-buy-AFL~(sell 1)""",54.50,-3.33,-28.3,0.00,90.49,93.22,82.30
183,PRU,2024-03-18,113.54,8,908.32,"""2024/03/18 12:30-8-113.54-buy-PRU""",2024-03-28,117.45,939.6,"""2024/03/18 12:30-8-113.54-buy-PRU~(sell 1)""",48.16,3.44,31.27,0.00,119.56,122.58,110.50
184,ROL,2024-03-18,46.74,20,934.80,"""2024/03/18 12:30-20-46.74-buy-ROL""",2024-04-04,45.34,906.8,"""2024/03/18 12:30-20-46.74-buy-ROL~(sell 1)""",55.20,-3.00,-28.0,0.00,49.50,50.88,45.36
185,ECL,2024-03-19,229.14,8,1833.12,"""2024/03/19 09:31-8-229.56-buy-ECL""",2024-03-28,231.12,1848.96,"""2024/03/19 09:31-8-229.56-buy-ECL~(sell 1)""",103.72,0.86,15.84,0.00,242.11,248.82,221.96
186,ROL,2024-03-19,46.89,41,1922.49,"""2024/03/19 09:31-41-46.89-buy-ROL""",2024-04-04,45.34,1858.94,"""2024/03/19 09:31-41-46.89-buy-ROL~(sell 1)""",114.39,-3.31,-63.55,0.00,49.68,51.12,45.36
187,CSGP,2024-03-19,96.06,20,1921.20,"""2024/03/19 09:31-20-96.19-buy-CSGP""",2024-04-16,86.31,1726.2,"""2024/03/19 09:31-20-96.19-buy-CSGP~sell(2)""",385.50,-10.15,-195.0,0.00,115.34,125.02,86.28
188,AFL,2024-03-19,84.58,22,1860.76,"""2024/03/19 09:31-22-84.58-buy-AFL""",2024-03-28,86.11,1894.42,"""2024/03/19 09:31-22-84.58-buy-AFL~(sell 1)""",97.02,1.80,33.66,0.00,88.99,91.22,82.30
189,ERJ,2024-03-19,24.68,43,1061.24,"""2024/03/19 12:30-43-24.68-buy-ERJ""",2024-03-28,27.1,1165.3,"""2024/03/19 12:30-43-24.68-buy-ERJ~(sell 1)""",243.16,9.80,104.05,0.00,30.33,33.16,21.86
190,THC,2024-03-19,101.61,10,1016.10,"""2024/03/19 12:30-10-101.65-buy-THC""",2024-03-28,104.58,1045.8,"""2024/03/19 12:30-10-101.65-buy-THC~(sell 1)""",75.20,2.92,29.69,0.00,109.13,112.99,97.55
191,ALLY,2024-03-21,40.72,2,81.44,"""2024/03/21 12:30-2-40.72-buy-ALLY""",2024-04-10,37.2,74.4,"""2024/03/21 12:30-2-40.72-buy-ALLY~market~(Market sell)""",13.04,-8.65,-7.04,0.00,47.24,50.50,37.46
192,ATMU,2024-03-21,28.77,3,86.31,"""2024/03/21 12:30-3-28.77-buy-ATMU""",2024-03-27,30.82,92.46,"""2024/03/21 12:30-3-28.77-buy-ATMU~(sell 1)""",21.13,7.11,6.14,0.00,35.82,39.35,25.21
193,PXD,2024-04-01,263.11,7,1841.77,"""2024/04/01 09:31-7-263.2-buy-PXD""",2024-04-04,269.83,1888.81,"""2024/04/01 09:31-7-263.2-buy-PXD~(sell 1)""",107.73,2.55,47.03,0.00,278.50,286.42,254.74
194,XOM,2024-04-01,116.36,17,1978.12,"""2024/04/01 09:31-17-116.39-buy-XOM""",2024-04-04,119.53,2032.01,"""2024/04/01 09:31-17-116.39-buy-XOM~(sell 1)""",102.85,2.72,53.89,0.00,122.41,125.49,113.17
195,CHK,2024-04-01,89.28,22,1964.16,"""2024/04/01 09:31-22-89.28-buy-CHK""",2024-05-16,91.45,2011.9,"""2024/04/01 09:31-22-89.28-buy-CHK~(sell 1)""",192.06,2.43,47.74,0.00,98.01,102.40,84.84
196,AR,2024-04-01,29.34,67,1965.78,"""2024/04/01 09:31-67-29.38-buy-AR""",2024-04-11,30.38,2035.46,"""2024/04/01 09:31-67-29.38-buy-AR~(sell 1)""",314.89,3.54,69.68,0.00,34.04,36.41,26.93
197,PSX,2024-04-01,162.88,12,1954.67,"""2024/04/01 09:31-12-163.05-buy-PSX""",2024-04-04,173.31,2079.71,"""2024/04/01 09:31-12-163.05-buy-PSX~(sell 1)""",158.65,6.39,125.03,0.00,176.11,183.00,155.44
198,VST,2024-04-01,71.81,3,215.43,"""2024/04/01 12:30-3-71.81-buy-VST""",2024-04-16,67.51,202.53,"""2024/04/01 12:30-3-71.81-buy-VST~(sell 1)""",26.28,-6.00,-12.91,0.00,80.57,84.93,67.49
199,CEG,2024-04-03,191.79,16,3068.64,"""2024/04/03 12:30-16-191.79-buy-CEG""",2024-04-04,183.35,2933.6,"""2024/04/03 12:30-16-191.79-buy-CEG~(sell 1)""",265.60,-4.41,-135.04,0.00,208.39,216.69,183.49
200,PRU,2024-04-04,118.13,33,3898.29,"""2024/04/04 12:30-33-118.15-buy-PRU""",2024-04-04,116.05,3829.65,"""2024/04/04 12:30-33-118.15-buy-PRU~(sell 1)""",137.11,-1.77,-68.64,0.00,122.29,124.36,116.06
201,ARHS,2024-04-04,16.02,249,3988.98,"""2024/04/04 12:30-249-16.02-buy-ARHS""",2024-04-15,14.77,3677.73,"""2024/04/04 12:30-249-16.02-buy-ARHS~(sell 1)""",615.03,-7.81,-311.25,0.00,18.49,19.73,14.77
202,SMTC,2024-04-04,34.49,115,3966.35,"""2024/04/04 12:30-115-34.5-buy-SMTC""",2024-04-11,35.18,4045.7,"""2024/04/04 12:30-115-34.5-buy-SMTC~(sell 1)""",1728.45,2.00,79.34,0.00,49.52,57.04,26.96
203,SWK,2024-04-04,97.46,40,3898.39,"""2024/04/04 12:30-40-97.48-buy-SWK""",2024-04-10,93.47,3738.8,"""2024/04/04 12:30-40-97.48-buy-SWK~market~(Market sell)""",289.20,-4.10,-159.59,0.00,104.69,108.31,93.83
204,XOM,2024-04-08,121.33,38,4610.54,"""2024/04/08 12:30-38-121.33-buy-XOM""",2024-04-16,119.22,4530.35,"""2024/04/08 12:30-38-121.33-buy-XOM~(sell 1)""",156.56,-1.74,-80.19,0.00,125.45,127.51,119.27
205,GD,2024-04-08,293.64,15,4404.59,"""2024/04/08 12:30-15-293.64-buy-GD""",2024-04-09,290.47,4357.05,"""2024/04/08 12:30-15-293.64-buy-GD~(sell 1)""",80.70,-1.08,-47.54,0.00,299.02,301.75,290.83
206,INFA,2024-04-09,38.09,9,342.81,"""2024/04/09 09:31-9-38.11-buy-INFA""",2024-04-15,35.1,315.89,"""2024/04/09 09:31-9-38.11-buy-INFA~market~(Market sell)""",49.27,-7.86,-26.93,0.00,43.57,46.36,35.18
207,ALPN,2024-04-11,64.37,174,11200.38,"""2024/04/11 12:30-174-64.37-buy-ALPN""",2024-05-10,64.92,11296.08,"""2024/04/11 12:30-174-64.37-buy-ALPN~(sell 1)""",9914.52,0.85,95.7,0.00,121.35,149.84,35.88
208,VRT,2024-04-12,85.23,15,1278.45,"""2024/04/12 09:31-15-85.23-buy-VRT""",2024-04-19,77.77,1166.55,"""2024/04/12 09:31-15-85.23-buy-VRT~market~(Market sell)""",210.82,-8.76,-111.91,0.00,99.28,106.34,78.12
209,ALPN,2024-04-12,64.43,20,1288.59,"""2024/04/12 09:31-20-64.43-buy-ALPN""",2024-05-17,64.98,1299.59,"""2024/04/12 09:31-20-64.43-buy-ALPN~(sell 1)""",1083.40,0.85,11.0,0.00,118.60,145.71,37.27
210,DASH,2024-04-12,139.01,9,1251.08,"""2024/04/12 09:31-9-139.16-buy-DASH""",2024-04-15,132.97,1196.73,"""2024/04/12 09:31-9-139.16-buy-DASH~(sell 1)""",110.62,-4.35,-54.35,0.00,151.30,157.40,133.00
211,RVMD,2024-04-17,36.58,370,13534.59,"""2024/04/17 12:30-370-36.58-buy-RVMD""",2024-04-19,34.61,12805.7,"""2024/04/17 12:30-370-36.58-buy-RVMD~market~(Market sell)""",1317.21,-5.39,-728.89,0.00,40.14,41.92,34.80
212,TSLQ,2024-04-19,45.01,14,630.14,"""2024/04/19 12:30-14-45.04-buy-TSLQ""",2024-04-24,40.04,560.55,"""2024/04/19 12:30-14-45.04-buy-TSLQ~market~(Market sell)""",83.58,-11.05,-69.6,0.00,50.98,53.97,42.01
213,TSLS,2024-04-19,29.90,21,627.90,"""2024/04/19 12:30-21-29.93-buy-TSLS""",2024-04-24,26.57,557.97,"""2024/04/19 12:30-21-29.93-buy-TSLS~market~(Market sell)""",84.52,-11.14,-69.93,0.00,33.93,35.94,27.88
214,AEM,2024-05-09,67.42,36,2427.12,"""2024/05/09 12:30-36-67.44-buy-AEM""",2024-05-15,68.38,2461.67,"""2024/05/09 12:30-36-67.44-buy-AEM~(sell 1)""",177.84,1.42,34.55,0.00,72.36,74.83,64.95
215,APH,2024-05-09,127.09,19,2414.71,"""2024/05/09 12:30-19-127.09-buy-APH""",2024-05-15,131.35,2495.65,"""2024/05/09 12:30-19-127.09-buy-APH~(sell 1)""",150.86,3.35,80.94,0.00,135.03,139.00,123.12
216,SKX,2024-05-09,67.98,36,2447.28,"""2024/05/09 12:30-36-67.98-buy-SKX""",2024-05-14,69.19,2490.84,"""2024/05/09 12:30-36-67.98-buy-SKX~(sell 1)""",141.89,1.77,43.55,0.00,71.92,73.89,66.02
217,OSCR,2024-05-09,21.69,113,2450.96,"""2024/05/09 12:30-113-21.72-buy-OSCR""",2024-05-14,22.16,2504.08,"""2024/05/09 12:30-113-21.72-buy-OSCR~(sell 1)""",664.44,2.16,53.11,0.00,27.57,30.50,18.78
218,PEG,2024-05-09,73.14,33,2413.62,"""2024/05/09 12:30-33-73.14-buy-PEG""",2024-05-13,74.06,2443.98,"""2024/05/09 12:30-33-73.14-buy-PEG~(sell 1)""",122.92,1.25,30.36,0.00,76.87,78.73,71.27
219,EAT,2024-05-09,59.03,41,2420.23,"""2024/05/09 12:30-41-59.03-buy-EAT""",2024-05-13,60.47,2479.27,"""2024/05/09 12:30-41-59.03-buy-EAT~(sell 1)""",223.04,2.43,59.03,0.00,64.47,67.20,56.28
220,OSCR,2024-05-10,22.57,11,248.27,"""2024/05/10 09:31-11-22.57-buy-OSCR""",2024-05-15,23.15,254.65,"""2024/05/10 09:31-11-22.57-buy-OSCR~(sell 1)""",97.79,2.56,6.37,0.00,31.46,35.94,18.02
221,AMGN,2024-05-10,313.79,5,1568.95,"""2024/05/10 12:30-5-313.79-buy-AMGN""",2024-05-20,313.38,1566.9,"""2024/05/10 12:30-5-313.79-buy-AMGN~(sell 1)""",159.00,-0.14,-2.05,0.00,345.59,361.59,297.59
222,OSCR,2024-05-10,22.19,72,1597.68,"""2024/05/10 12:30-72-22.19-buy-OSCR""",2024-05-15,23.21,1671.12,"""2024/05/10 12:30-72-22.19-buy-OSCR~(sell 1)""",484.56,4.59,73.43,0.00,28.92,32.30,18.78
223,OUST,2024-05-10,12.85,124,1593.40,"""2024/05/10 12:30-124-12.85-buy-OUST""",2024-05-17,13.76,1706.24,"""2024/05/10 12:30-124-12.85-buy-OUST~(sell 1)""",926.28,7.08,112.83,0.00,20.32,24.06,9.10
224,PEG,2024-05-10,73.84,21,1550.64,"""2024/05/10 12:30-21-73.86-buy-PEG""",2024-05-16,74.92,1573.32,"""2024/05/10 12:30-21-73.86-buy-PEG~(sell 1)""",106.68,1.46,22.67,0.00,78.92,81.47,71.27
225,AEM,2024-05-10,68.31,23,1571.13,"""2024/05/10 12:30-23-68.31-buy-AEM""",2024-05-17,69.79,1605.17,"""2024/05/10 12:30-23-68.31-buy-AEM~(sell 1)""",153.18,2.16,34.03,0.00,74.97,78.31,64.95
226,DJT,2024-05-10,52.71,30,1581.30,"""2024/05/10 12:30-30-52.71-buy-DJT""",2024-05-13,54.3,1629.0,"""2024/05/10 12:30-30-52.71-buy-DJT~(sell 1)""",363.00,3.01,47.7,0.00,64.81,70.89,46.57
227,EAT,2024-05-10,58.91,27,1590.57,"""2024/05/10 12:30-27-58.91-buy-EAT""",2024-05-13,60.47,1632.69,"""2024/05/10 12:30-27-58.91-buy-EAT~(sell 1)""",138.78,2.64,42.12,0.00,64.05,66.64,56.28
228,AFL,2024-05-13,86.25,1,86.25,"""2024/05/13 09:31-1-86.25-buy-AFL""",2024-06-03,89.45,89.45,"""2024/05/13 09:31-1-86.25-buy-AFL~(sell 1)""",4.13,3.71,3.2,0.00,90.39,92.48,84.12
229,NVDA,2024-05-15,946.14,1,946.14,"""2024/05/15 12:30-1-946.14-buy-NVDA""",2024-05-20,949.9,949.9,"""2024/05/15 12:30-1-946.14-buy-NVDA~(sell 1)""",120.63,0.39,3.75,0.00,1066.77,1127.27,885.27
230,QQQ,2024-05-15,450.87,4,1803.48,"""2024/05/15 12:30-4-450.87-buy-QQQ""",2024-05-20,454.87,1819.48,"""2024/05/15 12:30-4-450.87-buy-QQQ~(sell 1)""",72.08,0.88,16.0,0.00,468.89,477.90,441.86
231,SMH,2024-05-15,232.30,7,1626.10,"""2024/05/15 12:30-7-232.31-buy-SMH""",2024-05-20,235.0,1645.0,"""2024/05/15 12:30-7-232.31-buy-SMH~(sell 1)""",151.37,1.16,18.9,0.00,253.92,264.74,221.48
232,AMAT,2024-05-15,214.58,8,1716.64,"""2024/05/15 12:30-8-214.62-buy-AMAT""",2024-05-16,217.49,1739.92,"""2024/05/15 12:30-8-214.62-buy-AMAT~(sell 1)""",169.76,1.35,23.27,0.00,235.80,246.43,203.91
233,QQQM,2024-05-15,185.52,9,1669.68,"""2024/05/15 12:30-9-185.52-buy-QQQM""",2024-06-03,186.81,1681.29,"""2024/05/15 12:30-9-185.52-buy-QQQM~(sell 1)""",66.51,0.69,11.6,0.00,192.91,196.60,181.84
234,DELL,2024-05-15,146.15,12,1753.80,"""2024/05/15 12:30-12-146.21-buy-DELL""",2024-05-17,147.78,1773.36,"""2024/05/15 12:30-12-146.21-buy-DELL~(sell 1)""",443.04,1.11,19.55,0.00,183.07,201.53,127.69
235,TQQQ,2024-05-15,62.68,28,1755.04,"""2024/05/15 12:30-28-62.69-buy-TQQQ""",2024-05-16,64.14,1795.92,"""2024/05/15 12:30-28-62.69-buy-TQQQ~(sell 1)""",204.68,2.32,40.88,0.00,69.99,73.64,59.04
236,ANET,2024-05-15,324.56,5,1622.80,"""2024/05/15 12:30-5-324.7-buy-ANET""",2024-05-23,305.0,1525.0,"""2024/05/15 12:30-5-324.7-buy-ANET~market~(Market sell)""",182.37,-6.03,-97.8,0.00,361.03,379.39,305.96
237,VRT,2024-05-15,101.57,14,1421.98,"""2024/05/15 12:30-17-101.58-buy-VRT""",2024-05-28,105.74,1480.36,"""2024/05/15 12:30-17-101.58-buy-VRT~(sell 1)""",0.00,4.10,58.37,0.00,0.00,0.00,0.00
238,AMAT,2024-05-16,217.78,8,1742.24,"""2024/05/16 09:31-8-217.8-buy-AMAT""",2024-05-20,219.87,1758.96,"""2024/05/16 09:31-8-217.8-buy-AMAT~(sell 1)""",50.94,0.95,16.72,0.00,224.15,228.50,203.91
239,ANET,2024-05-16,326.26,5,1631.30,"""2024/05/16 09:31-5-326.42-buy-ANET""",2024-05-23,305.0,1525.0,"""2024/05/16 09:31-5-326.42-buy-ANET~market~(Market sell)""",47.08,-6.52,-106.3,0.00,335.68,342.20,305.96
240,PSTG,2024-05-16,59.06,32,1889.92,"""2024/05/16 09:31-32-59.07-buy-PSTG""",2024-06-07,64.88,2076.16,"""2024/05/16 09:31-32-59.07-buy-PSTG~(sell 1)""",59.66,9.80,186.24,0.00,60.92,62.11,53.78
241,BOOT,2024-05-16,111.98,66,7390.68,"""2024/05/16 12:30-66-112.04-buy-BOOT""",2024-05-17,113.52,7492.32,"""2024/05/16 12:30-66-112.04-buy-BOOT~(sell 1)""",221.72,1.37,101.63,0.00,115.34,117.58,103.63
242,OKE,2024-05-20,82.92,164,13598.88,"""2024/05/20 09:31-164-82.94-buy-OKE""",2024-05-22,81.3,13333.2,"""2024/05/20 09:31-164-82.94-buy-OKE~(sell 1)""",399.52,-1.96,-265.68,0.00,85.36,87.01,81.31
243,LLY,2024-05-21,804.34,5,4021.70,"""2024/05/21 12:30-5-804.54-buy-LLY""",2024-06-03,827.22,4136.1,"""2024/05/21 12:30-5-804.54-buy-LLY~(sell 1)""",121.21,2.84,114.4,0.00,828.58,844.67,763.39
244,BRO,2024-05-21,90.19,44,3968.35,"""2024/05/21 12:30-44-90.19-buy-BRO""",2024-05-23,89.15,3922.6,"""2024/05/21 12:30-44-90.19-buy-BRO~sell(2)""",119.06,-1.16,-45.75,0.00,92.90,94.70,89.26
245,INSM,2024-05-30,56.92,130,7399.60,"""2024/05/30 12:30-130-56.99-buy-INSM""",2024-06-06,58.72,7633.6,"""2024/05/30 12:30-130-56.99-buy-INSM~(sell 1)""",217.97,3.16,234.0,0.00,58.60,59.73,44.64
246,BURL,2024-05-30,235.33,31,7295.23,"""2024/05/30 12:30-31-235.6-buy-BURL""",2024-05-31,242.28,7510.68,"""2024/05/30 12:30-31-235.6-buy-BURL~(sell 1)""",212.15,2.95,215.45,0.00,242.17,246.88,195.94
247,LLY,2024-05-30,818.49,9,7366.41,"""2024/05/30 12:30-9-818.52-buy-LLY""",2024-06-06,843.45,7591.05,"""2024/05/30 12:30-9-818.52-buy-LLY~sell(3)""",216.72,3.04,224.64,0.00,842.57,858.93,800.07
248,INSM,2024-05-31,56.91,4,227.64,"""2024/05/31 09:31-4-57.23-buy-INSM""",2024-06-06,58.72,234.88,"""2024/05/31 09:31-4-57.23-buy-INSM~(sell 1)""",6.54,3.18,7.24,0.00,58.55,59.68,44.64
249,HPQ,2024-06-12,36.53,820,29954.60,"""2024/06/12 12:30-820-36.54-buy-HPQ""",2024-06-14,35.8,29356.0,"""2024/06/12 12:30-820-36.54-buy-HPQ~(sell 1)""",894.41,-2.00,-598.6,0.00,37.62,38.35,35.80
250,IREN,2024-06-13,13.98,3,41.94,"""2024/06/13 09:31-3-13.99-buy-IREN""",2024-06-17,14.42,43.26,"""2024/06/13 09:31-3-13.99-buy-IREN~(sell 1)""",1.10,3.14,1.32,0.00,14.35,14.63,9.38
251,NFLX,2024-06-17,671.05,44,29526.19,"""2024/06/17 09:31-44-671.07-buy-NFLX""",2024-06-27,687.93,30268.92,"""2024/06/17 09:31-44-671.07-buy-NFLX~(sell 1)""",726.72,2.51,742.72,0.00,687.57,700.92,640.42
252,TQQQ,2024-06-17,75.66,2,151.32,"""2024/06/17 12:30-2-75.68-buy-TQQQ""",2024-06-24,72.44,144.88,"""2024/06/17 12:30-2-75.68-buy-TQQQ~(sell 1)""",4.57,-4.26,-6.44,0.00,77.95,79.46,72.51
253,QQQM,2024-06-17,198.52,1,198.52,"""2024/06/17 12:30-1-198.52-buy-QQQM""",2024-06-24,195.73,195.73,"""2024/06/17 12:30-1-198.52-buy-QQQM~(sell 1)""",5.94,-1.42,-2.8,0.00,204.47,208.44,195.71
254,TMUS,2024-06-25,177.89,2,355.78,"""2024/06/25 09:31-2-177.98-buy-TMUS""",2024-07-16,183.2,366.4,"""2024/06/25 09:31-2-177.98-buy-TMUS~(sell 1)""",10.59,2.98,10.62,0.00,183.19,186.74,173.63
255,HUT,2024-06-25,14.56,8,116.48,"""2024/06/25 12:30-8-14.57-buy-HUT""",2024-06-26,15.0,120.0,"""2024/06/25 12:30-8-14.57-buy-HUT~(sell 1)""",3.41,3.01,3.51,0.00,14.99,15.28,11.74
256,DDOG,2024-06-28,129.31,114,14741.34,"""2024/06/28 12:30-114-129.31-buy-DDOG""",2024-07-05,134.55,15338.7,"""2024/06/28 12:30-114-129.31-buy-DDOG~sell(2)""",427.56,4.05,597.36,0.00,133.06,135.64,117.43
257,INTU,2024-06-28,660.19,22,14524.18,"""2024/06/28 12:30-22-660.22-buy-INTU""",2024-07-24,621.58,13674.76,"""2024/06/28 12:30-22-660.22-buy-INTU~sell(2)""",432.55,-5.85,-849.42,0.00,679.85,693.05,622.37
258,IRM,2024-07-02,90.87,4,363.48,"""2024/07/02 12:30-4-90.87-buy-IRM""",2024-07-09,93.55,374.2,"""2024/07/02 12:30-4-90.87-buy-IRM~sell(4)""",10.69,2.94,10.71,0.00,93.54,95.36,88.35
259,HUT,2024-07-08,17.27,426,7357.02,"""2024/07/08 12:30-426-17.29-buy-HUT""",2024-07-09,17.85,7604.1,"""2024/07/08 12:30-426-17.29-buy-HUT~(sell 1)""",200.96,3.35,247.07,0.00,17.74,18.09,14.21
260,SPR,2024-07-08,34.54,213,7357.02,"""2024/07/08 12:30-213-34.54-buy-SPR""",2024-07-16,35.59,7580.67,"""2024/07/08 12:30-213-34.54-buy-SPR~(sell 1)""",216.32,3.03,223.64,0.00,35.56,36.25,33.52
261,HUT,2024-07-09,17.87,2,35.74,"""2024/07/09 09:31-2-17.87-buy-HUT""",2024-07-15,18.42,36.84,"""2024/07/09 09:31-2-17.87-buy-HUT~(sell 1)""",0.78,3.07,1.1,0.00,18.26,18.62,14.21
262,CORZ,2024-07-09,9.83,261,2565.63,"""2024/07/09 12:30-261-9.84-buy-CORZ""",2024-07-10,10.11,2638.71,"""2024/07/09 12:30-261-9.84-buy-CORZ~(sell 1)""",70.24,2.84,73.07,0.00,10.10,10.30,8.92
263,ALNY,2024-07-09,255.18,10,2551.80,"""2024/07/09 12:30-10-255.18-buy-ALNY""",2024-07-11,262.7,2627.0,"""2024/07/09 12:30-10-255.18-buy-ALNY~(sell 1)""",74.49,2.94,75.19,0.00,262.63,267.73,247.24
264,SPR,2024-07-09,34.67,74,2565.58,"""2024/07/09 12:30-74-34.67-buy-SPR""",2024-07-16,35.74,2644.76,"""2024/07/09 12:30-74-34.67-buy-SPR~(sell 1)""",76.58,3.08,79.18,0.00,35.70,36.40,34.00
265,AU,2024-07-10,28.83,90,2594.69,"""2024/07/10 12:30-90-28.84-buy-AU""",2024-07-16,29.7,2673.0,"""2024/07/10 12:30-90-28.84-buy-AU~(sell 1)""",76.92,3.01,78.3,0.00,29.68,30.26,28.04
266,ECL,2024-07-12,244.99,10,2449.90,"""2024/07/12 09:31-10-244.99-buy-ECL""",2024-07-15,241.35,2413.5,"""2024/07/12 09:31-10-244.99-buy-ECL~(sell 1)""",72.72,-1.49,-36.41,0.00,252.26,257.16,241.44
267,AEM,2024-07-16,75.61,17,1285.35,"""2024/07/16 09:31-17-75.62-buy-AEM""",2024-07-19,72.93,1239.81,"""2024/07/16 09:31-17-75.62-buy-AEM~market~(Market sell)""",37.34,-3.55,-45.54,0.00,77.81,79.32,73.65
268,COHR,2024-07-16,80.01,16,1280.16,"""2024/07/16 09:31-16-80.22-buy-COHR""",2024-07-17,75.06,1200.96,"""2024/07/16 09:31-16-80.22-buy-COHR~(sell 1)""",34.28,-6.19,-79.21,0.00,82.15,83.75,75.14
269,AIG,2024-07-16,78.01,33,2574.33,"""2024/07/16 12:30-33-78.02-buy-AIG""",2024-07-19,76.9,2537.69,"""2024/07/16 12:30-33-78.02-buy-AIG~(sell 1)""",76.55,-1.43,-36.64,0.00,80.33,81.89,76.94
270,CHWY,2024-07-16,27.64,93,2570.52,"""2024/07/16 12:30-93-27.65-buy-CHWY""",2024-07-18,25.89,2407.77,"""2024/07/16 12:30-93-27.65-buy-CHWY~(sell 1)""",76.15,-6.34,-162.75,0.00,28.46,29.01,25.91
271,HON,2024-07-16,217.58,11,2393.38,"""2024/07/16 12:30-11-217.62-buy-HON""",2024-07-25,200.51,2205.61,"""2024/07/16 12:30-11-217.62-buy-HON~market~(Market sell)""",72.31,-7.85,-187.77,0.00,224.15,228.51,212.98
272,CP,2024-07-16,83.93,30,2517.90,"""2024/07/16 12:30-30-83.94-buy-CP""",2024-07-23,82.49,2474.69,"""2024/07/16 12:30-30-83.94-buy-CP~(sell 1)""",76.46,-1.72,-43.22,0.00,86.48,88.16,82.51
273,TMUS,2024-07-16,182.46,14,2554.44,"""2024/07/16 12:30-14-182.47-buy-TMUS""",2024-07-22,178.08,2493.12,"""2024/07/16 12:30-14-182.47-buy-TMUS~(sell 1)""",75.91,-2.41,-61.33,0.00,187.88,191.53,178.11
274,ZAPP,2024-07-17,14.70,20,294.00,"""2024/07/17 09:31-20-14.73-buy-ZAPP""",2024-07-22,8.82,176.4,"""2024/07/17 09:31-20-14.73-buy-ZAPP~market~(Market sell)""",8.30,-40.00,-117.6,0.00,15.12,15.41,8.87
275,OKE,2024-07-18,84.00,7,588.00,"""2024/07/18 09:31-7-84.33-buy-OKE""",2024-07-18,84.16,589.12,"""2024/07/18 09:31-7-84.33-buy-OKE~(sell 1)""",18.25,0.19,1.12,0.00,86.61,88.29,84.15
276,PNC,2024-07-18,178.11,3,534.33,"""2024/07/18 09:31-3-178.16-buy-PNC""",2024-07-18,175.85,527.54,"""2024/07/18 09:31-3-178.16-buy-PNC~(sell 1)""",15.75,-1.28,-6.8,0.00,183.36,186.92,175.91
277,INCY,2024-07-18,66.16,11,727.76,"""2024/07/18 12:30-11-66.17-buy-INCY""",2024-07-25,68.16,749.76,"""2024/07/18 12:30-11-66.17-buy-INCY~(sell 1)""",21.32,3.02,22.0,0.00,68.10,69.42,63.23
278,INCY,2024-07-19,65.65,106,6958.90,"""2024/07/19 12:30-106-65.65-buy-INCY""",2024-07-25,67.78,7184.68,"""2024/07/19 12:30-106-65.65-buy-INCY~sell(2)""",206.58,3.24,225.78,0.00,67.60,68.91,63.23
279,RF,2024-07-22,22.31,7,156.16,"""2024/07/22 12:30-7-22.31-buy-RF""",2024-08-02,20.81,145.66,"""2024/07/22 12:30-7-22.31-buy-RF~market~(Market sell)""",4.62,-6.73,-10.5,0.00,22.97,23.42,20.98
280,TPH,2024-07-22,45.06,3,135.18,"""2024/07/22 12:30-3-45.06-buy-TPH""",2024-07-23,46.4,139.19,"""2024/07/22 12:30-3-45.06-buy-TPH~(sell 1)""",3.97,2.95,4.0,0.00,46.39,47.29,43.74
281,EBS,2024-07-23,12.30,424,5215.20,"""2024/07/23 12:30-424-12.33-buy-EBS""",2024-07-24,12.71,5389.04,"""2024/07/23 12:30-424-12.33-buy-EBS~(sell 1)""",153.26,3.33,173.84,0.00,12.66,12.91,10.48
282,WAL,2024-07-24,79.30,249,19745.70,"""2024/07/24 12:30-249-79.33-buy-WAL""",2024-07-26,81.64,20328.36,"""2024/07/24 12:30-249-79.33-buy-WAL~sell(6)""",566.72,2.95,582.65,0.00,81.58,83.16,75.78
283,WAL,2024-07-29,80.08,93,7447.44,"""2024/07/29 09:52-93-80.08-buy-WAL""",2024-08-02,73.28,6815.04,"""2024/07/29 09:52-93-80.08-buy-WAL~market~(Market sell)""",223.42,-8.50,-632.4,0.00,82.48,84.08,75.45
284,MTB,2024-07-29,173.15,43,7445.45,"""2024/07/29 09:52-43-173.16-buy-MTB""",2024-08-01,170.24,7320.32,"""2024/07/29 09:52-43-173.16-buy-MTB~market~(Market sell)""",216.72,-1.69,-125.14,0.00,178.19,181.65,170.68
285,SF,2024-07-29,87.80,84,7375.20,"""2024/07/29 09:52-84-87.8-buy-SF""",2024-08-02,82.11,6897.24,"""2024/07/29 09:52-84-87.8-buy-SF~market~(Market sell)""",218.22,-6.49,-477.96,0.00,90.40,92.15,82.34
286,NDAQ,2024-07-30,69.73,108,7530.84,"""2024/07/30 12:30-108-69.73-buy-NDAQ""",2024-08-02,66.48,7179.84,"""2024/07/30 12:30-108-69.73-buy-NDAQ~(sell 1)""",225.92,-4.67,-351.0,0.00,71.82,73.22,66.56
287,LBRT,2024-07-31,24.13,1,24.13,"""2024/07/31 12:30-1-24.13-buy-LBRT""",2024-08-02,22.0,22.0,"""2024/07/31 12:30-1-24.13-buy-LBRT~market~(Market sell)""",0.70,-8.83,-2.13,0.00,24.83,25.32,22.34
288,CNK,2024-08-06,26.21,285,7469.85,"""2024/08/06 12:30-285-26.23-buy-CNK""",2024-08-14,26.99,7692.15,"""2024/08/06 12:30-285-26.23-buy-CNK~(sell 1)""",221.89,2.97,222.29,0.00,26.99,27.51,23.30
289,CDNA,2024-08-06,25.08,298,7473.83,"""2024/08/06 12:30-298-25.12-buy-CDNA""",2024-08-06,25.85,7703.3,"""2024/08/06 12:30-298-25.12-buy-CDNA~(sell 1)""",221.15,3.07,229.47,0.00,25.82,26.32,19.64
290,PSN,2024-08-06,90.41,82,7413.62,"""2024/08/06 12:30-82-90.41-buy-PSN""",2024-08-12,93.17,7639.94,"""2024/08/06 12:30-82-90.41-buy-PSN~(sell 1)""",216.49,3.05,226.31,0.00,93.05,94.86,84.60
291,LTH,2024-08-06,24.02,312,7494.24,"""2024/08/06 12:30-312-24.02-buy-LTH""",2024-08-23,24.76,7725.12,"""2024/08/06 12:30-312-24.02-buy-LTH~sell(4)""",232.05,3.08,230.88,0.00,24.76,25.24,19.95
292,PPC,2024-08-07,43.48,43,1869.64,"""2024/08/07 09:31-43-43.52-buy-PPC""",2024-08-08,44.81,1926.83,"""2024/08/07 09:31-43-43.52-buy-PPC~(sell 1)""",53.43,3.05,57.18,0.00,44.72,45.59,40.29
293,CNK,2024-08-07,26.20,72,1886.40,"""2024/08/07 09:31-72-26.27-buy-CNK""",2024-08-14,26.96,1941.12,"""2024/08/07 09:31-72-26.27-buy-CNK~sell(2)""",54.36,2.90,54.71,0.00,26.96,27.48,23.30
294,CDNA,2024-08-07,25.07,75,1880.25,"""2024/08/07 09:31-75-25.21-buy-CDNA""",2024-08-08,25.54,1915.5,"""2024/08/07 09:31-75-25.21-buy-CDNA~sell(2)""",31.69,1.87,35.25,0.00,25.49,25.99,19.64
295,LTH,2024-08-07,24.31,78,1896.17,"""2024/08/07 09:31-78-24.31-buy-LTH""",2024-08-26,25.01,1950.78,2024/08/07 09:31-78-24.31-buy-LTH~sell(3),52.07,2.87,54.60,0.00,24.98,25.46,19.95
296,REG,2024-08-07,70.38,1,70.38,"""2024/08/07 12:30-1-70.38-buy-REG""",2024-08-30,72.48,72.48,2024/08/07 12:30-1-70.38-buy-REG~(sell 1),2.08,2.98,2.10,0.00,72.46,73.87,67.61
297,WELL,2024-08-12,115.96,48,5566.08,"""2024/08/12 12:30-48-115.96-buy-WELL""",2024-08-23,119.44,5733.12,"""2024/08/12 12:30-48-115.96-buy-WELL~(sell 1)""",165.49,3.00,167.03,0.00,119.41,121.73,115.12
298,K,2024-08-12,74.29,75,5571.75,"""2024/08/12 12:30-75-74.31-buy-K""",2024-08-14,80.09,6006.75,"""2024/08/12 12:30-75-74.31-buy-K~(sell 1)""",165.60,7.80,435.0,0.00,76.50,77.98,72.57
299,VIRT,2024-08-15,30.31,492,14912.51,"""2024/08/15 09:31-492-30.42-buy-VIRT""",0000-00-00,N/A,N/A,N/A,422.04,0.00,N/A,0.00,31.17,31.77,28.56
300,GGAL,2024-08-15,35.89,1,35.89,"""2024/08/15 12:30-1-35.9-buy-GGAL""",2024-08-22,33.5,33.5,"""2024/08/15 12:30-1-35.9-buy-GGAL~market~(Market sell)""",1.00,-6.69,-2.4,0.00,36.89,37.61,33.63
301,AZN,2024-08-23,86.38,65,5614.70,"""2024/08/23 12:30-65-86.39-buy-AZN""",0000-00-00,N/A,N/A,N/A,168.44,0.00,N/A,0.00,88.97,90.70,84.53
302,VKTX,2024-08-27,65.34,71,4631.14,2024/08/27 09:31-71-65.38-buy-VKTX,2024-08-27,63.32,4424.72,2024/08/27 09:31-71-65.38-buy-VKTX,109.92,-4.63,-214.43,0.00,66.89,68.19,62.67
303,CLX,2024-08-27,154.90,30,4647.00,2024/08/27 09:31-30-154.91-buy-CLX,N/A,N/A,N/A,N/A,129.98,0.00,N/A,0.00,159.23,162.32,150.26
304,CL,2024-08-27,105.69,44,4650.35,2024/08/27 12:30-44-105.71-buy-CL,N/A,N/A,N/A,N/A,138.61,0.00,N/A,0.00,108.84,110.95,103.88
